ts,action,price,pnl,size
1779426000000,BUY,86.75,-0.03863012937917276,2.2265204253125512
1779426000000,SELL,86.94,0.3456094064987104,2.2265204253125512
1779429600000,BUY,86.56,-0.03858020483542482,2.228523846778236
1779429600000,SELL,86.75,0.346089753404655,2.228523846778236
1779433200000,BUY,86.75,-0.03855237057539822,2.2220386498788596
1779433200000,BUY,86.56,-0.038467933106702816,2.2220386498788596
1779433200000,SELL,86.94,0.34491372738879106,2.2220386498788596
1779433200000,SELL,86.75,0.3450826023261818,2.2220386498788596
1779447600000,BUY,86.75,-0.038397348441454295,2.2131036565679705
1779447600000,SELL,86.94,0.3435268019871016,2.2131036565679705
1779458400000,BUY,86.56,-0.03863190061642182,2.2315099709116115
1779458400000,BUY,86.37,-0.038547103237527185,2.2315099709116115
1779458400000,SELL,86.75,0.34655349848256817,2.2315099709116115
1779458400000,SELL,86.56,0.34672309324035744,2.2315099709116115
1779462000000,BUY,86.56,-0.038565078832606514,2.227650117410265
1779462000000,BUY,86.37,-0.03848042812814492,2.227650117410265
1779462000000,SELL,86.75,0.3459540632338091,2.227650117410265
1779462000000,SELL,86.56,0.3461233646427323,2.227650117410265
1779465600000,BUY,86.75,-0.03857544333967734,2.2233684922004233
1779465600000,SELL,86.94,0.34512015083331343,2.2233684922004233
1779469200000,BUY,86.56,-0.03861539640402781,2.230556631471107
1779469200000,SELL,86.75,0.34640544486745783,2.230556631471107
1779490800000,BUY,84.31,-0.038615294918936637,2.290077981196574
1779490800000,BUY,84.13,-0.03853285211161355,2.290077981196574
1779490800000,BUY,83.95,-0.03845040930429048,2.290077981196574
1779490800000,SELL,84.49,0.334818561162847,2.290077981196574
1779490800000,SELL,84.31,0.3349834467775256,2.290077981196574
1779490800000,SELL,84.13,0.33514833239213926,2.290077981196574
1779494400000,BUY,84.31,-0.03860202427187081,2.289290966188519
1779494400000,BUY,84.13,-0.03851960979708802,2.289290966188519
1779494400000,SELL,84.49,0.3347034964206093,2.289290966188519
1779494400000,SELL,84.31,0.3348683253702074,2.289290966188519
1779498000000,BUY,84.31,-0.03855952813965551,2.286770735360901
1779498000000,SELL,84.49,0.3343350285926882,2.286770735360901
1779501600000,BUY,84.31,-0.03855907170044412,2.286743666258102
1779501600000,SELL,84.49,0.33433107098158266,2.286743666258102
1779508800000,BUY,84.31,-0.03861804170932802,2.2902408794524978
1779508800000,SELL,84.49,0.33484237753945606,2.2902408794524978
1779512400000,BUY,84.31,-0.03858830561134654,2.288477381766489
1779512400000,BUY,84.13,-0.03850592042560295,2.288477381766489
1779512400000,SELL,84.31,0.3347493174952905,2.288477381766489
1779519600000,FLATTEN,82.198,-4.8708858830561335,2.288477381766489
1779523200000,BUY,82.02,-0.0386095318475888,2.3536656820037063
1779523200000,BUY,81.84,-0.03852479988303667,2.3536656820037063
1779523200000,BUY,81.66,-0.038440067918484526,2.3536656820037063
1779523200000,SELL,82.2,0.3462712951364013,2.3536656820037063
1779523200000,SELL,82.02,0.3464407590654721,2.3536656820037063
1779523200000,SELL,81.84,0.34661022299460986,2.3536656820037063
1779530400000,BUY,82.02,-0.038559263913347436,2.350601311469607
1779530400000,SELL,82.2,0.34582046494342467,2.350601311469607
1779570000000,BUY,86.08,-0.03856691809379234,2.240178792622696
1779570000000,SELL,86.27,0.3483298808224832,2.240178792622696
1779573600000,BUY,85.7,-0.038608432215157806,2.2525339682122407
1779573600000,BUY,85.51,-0.03852283592436575,2.2525339682122407
1779573600000,SELL,85.89,0.35059339694842084,2.2525339682122407
1779573600000,SELL,85.7,0.350764589530005,2.2525339682122407
1779577200000,BUY,85.7,-0.03863140511295358,2.253874277301842
1779580800000,BUY,85.7,-0.03857334999576379,2.2504871642802677
1779580800000,SELL,85.89,0.35080200801636274,2.253874277301842
1779580800000,SELL,85.89,0.3502748241972329,2.2504871642802677
1779584400000,BUY,85.89,-0.03860534990783132,2.2473716327763023
1779584400000,SELL,86.08,0.34961911016773867,2.2473716327763023
1779588000000,BUY,85.89,-0.03862287328593195,2.248391738615202
1779588000000,BUY,85.7,-0.03853743439986457,2.248391738615202
1779588000000,SELL,85.89,0.3499486837650194,2.248391738615202
1779591600000,BUY,85.7,-0.038606631574707506,2.2524289133434947
1779591600000,SELL,86.08,0.34977780599288466,2.248391738615202
1779591600000,SELL,85.89,0.35057704578842974,2.2524289133434947
1779598800000,BUY,86.08,-0.03861796985425369,2.243144159749866
1779598800000,BUY,85.89,-0.0385327303761832,2.243144159749866
1779598800000,BUY,85.7,-0.0384474908981127,2.243144159749866
1779598800000,SELL,86.08,0.348961450643962,2.243144159749866
1779598800000,SELL,85.89,0.349131929600103,2.243144159749866
1779602400000,BUY,86.27,-0.03857108742488764,2.235486694383195
1779602400000,BUY,86.08,-0.03848613893050108,2.235486694383195
1779602400000,BUY,85.89,-0.03840119043611452,2.235486694383195
1779602400000,SELL,86.27,0.348790971687821,2.243144159749866
1779602400000,SELL,86.27,0.34760029708302664,2.235486694383195
1779602400000,SELL,86.08,0.34777019407179977,2.235486694383195
1779606000000,SELL,86.46,0.3474304000942535,2.235486694383195
1779609600000,BUY,86.46,-0.0386327890086506,2.2341423206483113
1779609600000,BUY,86.27,-0.03854789160046596,2.2341423206483113
1779609600000,BUY,86.08,-0.03846299419228133,2.2341423206483113
1779609600000,SELL,86.46,0.34722146290587286,2.2341423206483113
1779609600000,SELL,86.27,0.34739125772224216,2.2341423206483113
1779613200000,BUY,86.46,-0.03861581855593832,2.2331609157956467
1779613200000,SELL,86.65,0.34705166808953536,2.2341423206483113
1779613200000,SELL,86.65,0.3468992166597224,2.2331609157956467
1779616800000,BUY,86.46,-0.03863457623982235,2.2342456766031895
1779616800000,BUY,86.27,-0.03854967490411143,2.2342456766031895
1779616800000,SELL,86.65,0.3470677234035661,2.2342456766031895
1779616800000,SELL,86.46,0.3472375260749562,2.2342456766031895
1779620400000,BUY,86.46,-0.038566332244247666,2.23029911197361
1779620400000,SELL,86.65,0.34645466405400716,2.23029911197361
1779624000000,BUY,86.27,-0.03861085281440442,2.2377913999307073
1779624000000,SELL,86.46,0.3477885882116257,2.2377913999307073
1779627600000,BUY,85.7,-0.03856122100034197,2.2497795216068823
1779627600000,SELL,85.89,0.3501646838609765,2.2497795216068823
1779638400000,BUY,85.51,-0.038593036172061015,2.2566387657619584
1779638400000,SELL,85.7,0.351403788604447,2.2566387657619584
1779642000000,BUY,85.51,-0.03859483954283142,2.256744213707836
1779642000000,SELL,85.7,0.35142020895857906,2.256744213707836
1779656400000,BUY,83.81,-0.03859629827483267,2.3026069845384005
1779656400000,BUY,83.62,-0.038508799209420214,2.3026069845384005
1779656400000,SELL,83.99,0.337110872964343,2.3026069845384005
1779656400000,SELL,83.8,0.3372858710951679,2.3026069845384005
1779660000000,BUY,84.55,-0.03846032406906938,2.2744130141377514
1779660000000,BUY,84.36,-0.038373896374532146,2.2744130141377514
1779660000000,BUY,84.18,-0.03829201750602319,2.2744130141377514
1779660000000,BUY,83.99,-0.038205589811485946,2.2744130141377514
1779660000000,SELL,84.73,0.3323099366696541,2.2744130141377514
1779660000000,SELL,84.54,0.33248279205872855,2.2744130141377514
1779660000000,SELL,84.36,0.3326465497957142,2.2744130141377514
1779660000000,SELL,84.17,0.33281940518482095,2.2744130141377514
1779753600000,BUY,84.18,-0.03856123839169463,2.290403800884689
1779753600000,BUY,83.99,-0.038474203047261006,2.290403800884689
1779753600000,SELL,84.36,0.33498529830217416,2.290403800884689
1779753600000,SELL,84.17,0.33515936899107396,2.290403800884689
1779757200000,BUY,83.99,-0.038605108161247965,2.2981966996813887
1779757200000,BUY,83.81,-0.038522373080059444,2.2981966996813887
1779757200000,SELL,84.17,0.3362997194577927,2.2981966996813887
1779757200000,SELL,83.99,0.33646518962013705,2.2981966996813887
1779764400000,BUY,83.99,-0.03855465475974457,2.295193163456636
1779764400000,BUY,83.81,-0.03847202780586014,2.295193163456636
1779764400000,SELL,84.17,0.33586020599495214,2.295193163456636
1779764400000,SELL,83.99,0.3360254599026884,2.295193163456636
1779768000000,BUY,84.18,-0.038570841774001066,2.2909742084818876
1779768000000,BUY,83.99,-0.038483784754078744,2.2909742084818876
1779768000000,SELL,84.36,0.33506872383571,2.2909742084818876
1779768000000,SELL,84.17,0.33524283787558723,2.2909742084818876
1779771600000,BUY,84.55,-0.03860759629672208,2.283122193774221
1779771600000,BUY,84.36,-0.03852083765335866,2.283122193774221
1779771600000,SELL,84.73,0.33358241748797945,2.283122193774221
1779771600000,SELL,84.54,0.33375593477470633,2.283122193774221
1779775200000,BUY,84.55,-0.038633165148415215,2.2846342488713907
1779775200000,BUY,84.36,-0.038546349046958105,2.2846342488713907
1779775200000,SELL,84.73,0.3338033408341167,2.2846342488713907
1779775200000,SELL,84.54,0.333976973037031,2.2846342488713907
1779778800000,BUY,84.18,-0.03857495897370653,2.291218755862825
1779778800000,SELL,84.36,0.3351044903574564,2.291218755862825
1779782400000,BUY,84.36,-0.03861439243156617,2.288667166403874
1779786000000,BUY,84.36,-0.038600215970862245,2.287826930468364
1779786000000,SELL,84.54,0.3345665210535995,2.288667166403874
1779786000000,SELL,84.54,0.3344436920036029,2.287826930468364
1779789600000,BUY,84.55,-0.03819590231458106,2.2587760091413993
1779789600000,BUY,84.36,-0.038110068826233696,2.2587760091413993
1779789600000,SELL,84.73,0.33002524514364695,2.2587760091413993
1779789600000,SELL,84.54,0.3301969121203417,2.2587760091413993
1779807600000,BUY,84.36,-0.03860341619721949,2.2880166072320702
1779807600000,BUY,84.18,-0.03852104759935914,2.2880166072320702
1779807600000,BUY,83.99,-0.03843410296828432,2.2880166072320702
1779807600000,SELL,84.54,0.3344714197116285,2.2880166072320702
1779807600000,SELL,84.36,0.33463615690731674,2.2880166072320702
1779807600000,SELL,84.17,0.3348100461694989,2.2880166072320702
1779811200000,BUY,84.18,-0.03863544571178033,2.294811458290587
1779811200000,BUY,83.99,-0.038548242876365275,2.294811458290587
1779811200000,SELL,84.36,0.33562994464373114,2.294811458290587
1779811200000,SELL,84.17,0.3358043503145938,2.294811458290587
1779814800000,BUY,83.44,-0.038594272567288576,2.312696103025442
1779814800000,BUY,83.26,-0.03851101550757966,2.312696103025442
1779814800000,SELL,83.62,0.3389302392906003,2.312696103025442
1779814800000,SELL,83.44,0.33909675340998524,2.312696103025442
1779818400000,BUY,83.44,-0.038581339913332874,2.3119211357462173
1779818400000,SELL,83.62,0.33881666628589535,2.3119211357462173
1779822000000,BUY,83.62,-0.038586066085498784,2.3072271038925365
1779822000000,BUY,83.44,-0.03850300590975865,2.3072271038925365
1779822000000,SELL,83.8,0.3379626261781617,2.3072271038925365
1779822000000,SELL,83.62,0.33812874652967473,2.3072271038925365
1779825600000,BUY,83.81,-0.038602739963563976,2.302991287648489
1779829200000,BUY,83.62,-0.03862620127773998,2.3096269599222663
1779829200000,SELL,83.8,0.3383141570893965,2.3096269599222663
1779836400000,BUY,83.62,-0.03862066042595366,2.309295648526289
1779840000000,BUY,83.99,-0.038588122739974806,2.297185542324968
1779840000000,BUY,83.81,-0.03850542406045111,2.297185542324968
1779840000000,SELL,83.99,0.33716713647687235,2.302991287648489
1779840000000,SELL,83.8,0.33826562659611376,2.309295648526289
1779840000000,SELL,83.99,0.33631715213852764,2.297185542324968
1779843600000,BUY,83.81,-0.03863359783768775,2.3048322299062014
1779843600000,SELL,83.99,0.33743665778717047,2.3048322299062014
1779847200000,BUY,83.81,-0.0385907785382216,2.3022776839411523
1779847200000,BUY,83.62,-0.038503291986231834,2.3022776839411523
1779847200000,SELL,83.8,0.337237635143683,2.3022776839411523
1779850800000,BUY,83.44,-0.03857210760858807,2.311367905596121
1779850800000,SELL,83.99,0.3370626620397035,2.3022776839411523
1779850800000,SELL,83.62,0.3387355893009385,2.311367905596121
1779854400000,BUY,83.44,-0.03856564762382235,2.3109808020027773
1779854400000,BUY,83.26,-0.038482452314950254,2.3109808020027773
1779854400000,SELL,83.62,0.3386788584951268,2.3109808020027773
1779854400000,SELL,83.44,0.3388452491128382,2.3109808020027773
1779858000000,BUY,83.81,-0.03862253860166551,2.3041724496877167
1779858000000,BUY,83.62,-0.038534980048577375,2.3041724496877167
1779858000000,SELL,83.8,0.3375151804302397,2.3041724496877167
1779861600000,BUY,83.99,-0.03862854502384541,2.2995919171237893
1779861600000,BUY,83.81,-0.03854575971482896,2.2995919171237893
1779861600000,SELL,83.99,0.3373400633240634,2.3041724496877167
1779861600000,SELL,83.99,0.33666945503457424,2.2995919171237893
1779865200000,BUY,83.99,-0.03855236455654642,2.295056825607002
1779865200000,SELL,84.17,0.33615175477951287,2.297185542324968
1779865200000,SELL,84.17,0.33650388441657403,2.2995919171237893
1779865200000,SELL,84.17,0.3358402554047395,2.295056825607002
1779872400000,BUY,83.62,-0.038580997459669544,2.3069240289206854
1779872400000,SELL,83.8,0.33791823175628494,2.3069240289206854
1779876000000,BUY,83.81,-0.03859169838468347,2.3023325608330434
1779876000000,SELL,83.99,0.33707069623618385,2.3023325608330434
1779883200000,BUY,83.81,-0.03859675832415892,2.3026344305070343
1779883200000,BUY,83.62,-0.03850925821579965,2.3026344305070343
1779883200000,SELL,83.99,0.3371148911639348,2.3026344305070343
1779883200000,SELL,83.8,0.33728989138065335,2.3026344305070343
1779886800000,BUY,83.44,-0.03856703172410793,2.311063741856899
1779886800000,BUY,83.26,-0.038483833429401086,2.311063741856899
1779886800000,SELL,83.62,0.338691013496628,2.311063741856899
1779886800000,SELL,83.44,0.3388574100860089,2.311063741856899
1779890400000,BUY,83.81,-0.03861470880622531,2.303705333863818
1779890400000,BUY,83.62,-0.038527168003538496,2.303705333863818
1779890400000,BUY,83.44,-0.03844423461151939,2.303705333863818
1779890400000,BUY,83.26,-0.0383613012195003,2.303705333863818
1779890400000,SELL,83.99,0.3372716756989813,2.303705333863818
1779890400000,SELL,83.8,0.33744675730435497,2.303705333863818
1779890400000,SELL,83.62,0.3376126240884259,2.303705333863818
1779890400000,SELL,83.44,0.3377784908724314,2.303705333863818
1779894000000,BUY,84.36,-0.03861942529193735,2.288965463011934
1779894000000,BUY,84.18,-0.038537022535268924,2.288965463011934
1779894000000,BUY,83.99,-0.03845004184767446,2.288965463011934
1779894000000,SELL,84.54,0.33461012724495215,2.288965463011934
1779894000000,SELL,84.36,0.3347749327582565,2.288965463011934
1779894000000,SELL,84.17,0.3349488941334779,2.288965463011934
1779897600000,BUY,83.99,-0.0385656515237947,2.2958478106795277
1779897600000,BUY,83.81,-0.03848300100261025,2.2958478106795277
1779897600000,SELL,84.17,0.3359560018323723,2.2958478106795277
1779897600000,SELL,83.99,0.3361213028747086,2.2958478106795277
1779901200000,BUY,83.26,-0.03858862608547721,2.317356839147082
1779901200000,SELL,83.44,0.3397801291830846,2.317356839147082
1779904800000,BUY,83.81,-0.03858893897684074,2.3021679380050553
1779904800000,BUY,83.62,-0.03850145659519655,2.3021679380050553
1779904800000,BUY,83.44,-0.038418578549428366,2.3021679380050553
1779904800000,BUY,83.26,-0.03833570050366018,2.3021679380050553
1779904800000,SELL,83.8,0.3372215595589635,2.3021679380050553
1779904800000,SELL,83.62,0.33738731565053254,2.3021679380050553
1779904800000,SELL,83.44,0.3375530717420362,2.3021679380050553
1779908400000,SELL,83.99,0.3370465947956751,2.3021679380050553
1779915600000,FLATTEN,82.437,-7.321876438481923e-17,4.440892098500626e-15
1779919200000,BUY,82.26,-0.038563231323132316,2.343984398439844
1779919200000,SELL,82.44,0.3446219621962023,2.343984398439844
1779922800000,BUY,82.26,-0.038578678522599,2.344923323766046
1779922800000,SELL,82.44,0.3447600067533618,2.344923323766046
1779930000000,BUY,82.08,-0.03855885132558486,2.348857902386992
1779930000000,BUY,81.9,-0.038474292441098935,2.348857902386992
1779930000000,SELL,82.26,0.345507602009533,2.348857902386992
1779930000000,SELL,82.08,0.3456767197784715,2.348857902386992
1779951600000,BUY,81.18,-0.03862684729064039,2.3790864308105686
1779951600000,BUY,81.0,-0.038541200179131214,2.3790864308105686
1779951600000,SELL,81.18,0.3509818629646378,2.3790864308105686
1779958800000,BUY,81.18,-0.03863588770771487,2.379643243884877
1779958800000,BUY,81.0,-0.03855022055093501,2.379643243884877
1779958800000,SELL,81.18,0.3510640084838643,2.379643243884877
1779969600000,BUY,81.0,-0.03859395792950283,2.3823430820680755
1779969600000,SELL,81.18,0.3514623102113553,2.3823430820680755
1779976800000,BUY,81.0,-0.03856542230397731,2.380581623702303
1779976800000,SELL,81.36,0.3508105687415856,2.3790864308105686
1779976800000,SELL,81.36,0.3508926741702708,2.379643243884877
1779976800000,SELL,81.18,0.35120244578156956,2.380581623702303
1779980400000,BUY,81.0,-0.03858586854912652,2.381843737600402
1779980400000,SELL,81.18,0.35138864292072836,2.381843737600402
1779984000000,BUY,81.9,-0.03857372254846443,2.3549281165118696
1779984000000,BUY,81.72,-0.03848894513627,2.3549281165118696
1779984000000,BUY,81.54,-0.03840416772407557,2.3549281165118696
1779984000000,BUY,81.36,-0.03831939031188114,2.3549281165118696
1779984000000,BUY,81.18,-0.03823461289968672,2.3549281165118696
1779984000000,BUY,81.0,-0.03814983548749229,2.3549281165118696
1779984000000,SELL,82.08,0.34657006105080146,2.3549281165118696
1779984000000,SELL,81.9,0.34673961587522373,2.3549281165118696
1779984000000,SELL,81.72,0.34690917069957916,2.3549281165118696
1779984000000,SELL,81.54,0.3470787255240015,2.3549281165118696
1779984000000,SELL,81.36,0.34724828034835686,2.3549281165118696
1779984000000,SELL,81.18,0.3474178351727792,2.3549281165118696
1779987600000,BUY,82.08,-0.038552288834932676,2.348458140529525
1779987600000,BUY,81.9,-0.03846774434187362,2.348458140529525
1779987600000,SELL,82.26,0.34544879863934697,2.348458140529525
1779987600000,SELL,82.08,0.3456178876254318,2.348458140529525
1779991200000,BUY,82.26,-0.03835427831686807,2.3312836321947525
1779991200000,SELL,82.44,0.34275464473978406,2.3312836321947525
1779998400000,BUY,82.26,-0.03863495462999494,2.3483439478479777
1779998400000,BUY,82.08,-0.0385504142478724,2.3483439478479777
1779998400000,BUY,81.9,-0.03846587386574988,2.3483439478479777
1779998400000,BUY,81.72,-0.03838133348362735,2.3483439478479777
1779998400000,SELL,82.44,0.3452629205883837,2.3483439478479777
1779998400000,SELL,82.26,0.3454320013526621,2.3483439478479777
1779998400000,SELL,82.08,0.34560108211687385,2.3483439478479777
1779998400000,SELL,81.9,0.34577016288115225,2.3483439478479777
1780002000000,BUY,82.26,-0.038578678522599,2.344923323766046
1780002000000,SELL,82.44,0.3447600067533618,2.344923323766046
1780005600000,BUY,81.9,-0.03859301129156725,2.356105695455876
1780005600000,SELL,82.08,0.3467433629888329,2.356105695455876
1780012800000,BUY,82.26,-0.038627441664668666,2.347887288151511
1780012800000,BUY,82.08,-0.038542917722295206,2.347887288151511
1780012800000,SELL,82.26,0.3453648285379507,2.347887288151511
1780016400000,BUY,82.08,-0.038597803452602504,2.3512307171419655
1780016400000,SELL,82.26,0.3458566335687306,2.3512307171419655
1780023600000,BUY,81.54,-0.03861552621726186,2.3678885342937117
1780023600000,SELL,81.72,0.34881839576385776,2.3678885342937117
1780027200000,BUY,81.72,-0.03855568543995844,2.359011590795303
1780027200000,BUY,81.54,-0.03847076102268981,2.359011590795303
1780027200000,BUY,81.36,-0.03838583660542118,2.359011590795303
1780027200000,SELL,81.9,0.34734086662871655,2.359011590795303
1780027200000,SELL,81.72,0.34751071546322027,2.359011590795303
1780027200000,SELL,81.54,0.34768056429779104,2.359011590795303
1780030800000,BUY,81.9,-0.03857372254846443,2.3549281165118696
1780030800000,SELL,82.08,0.34657006105080146,2.3549281165118696
1780034400000,BUY,82.08,-0.03855416360431253,2.348572344317284
1780034400000,SELL,82.44,0.3451957806531704,2.347887288151511
1780034400000,SELL,82.26,0.3454655975597112,2.348572344317284
1780038000000,BUY,82.08,-0.03858089889380189,2.3502009560064505
1780038000000,BUY,81.9,-0.038496291659385666,2.3502009560064505
1780038000000,SELL,82.26,0.34570515982474087,2.3502009560064505
1780038000000,SELL,82.08,0.34587437429353995,2.3502009560064505
1780045200000,BUY,82.26,-0.0385721236541048,2.3445248999577433
1780045200000,SELL,82.44,0.3447014288913699,2.3445248999577433
1780048800000,BUY,82.08,-0.038624599321268216,2.352863019083103
1780048800000,SELL,82.26,0.34609673865506413,2.352863019083103
1780052400000,BUY,81.72,-0.03862880048404175,2.363485100589926
1780052400000,BUY,81.54,-0.03854371502042052,2.363485100589926
1780052400000,SELL,81.9,0.3479995462108768,2.363485100589926
1780052400000,SELL,81.72,0.34816971713808575,2.363485100589926
1780056000000,BUY,81.36,-0.03859082873520116,2.3716094355457935
1780056000000,SELL,81.54,0.3495372850484974,2.3716094355457935
1780059600000,BUY,81.36,-0.03861880100562116,2.373328478713198
1780059600000,BUY,81.18,-0.038533361180387485,2.373328478713198
1780059600000,SELL,81.54,0.3497906445066821,2.373328478713198
1780059600000,SELL,81.36,0.3499615241571158,2.373328478713198
1780063200000,BUY,81.18,-0.03858313241155342,2.376393964742142
1780063200000,BUY,81.0,-0.0384975822288227,2.376393964742142
1780063200000,SELL,81.36,0.3504135484649997,2.376393964742142
1780063200000,SELL,81.18,0.3505846488304949,2.376393964742142
1780066800000,BUY,82.26,-0.03850856351674207,2.3406615315306385
1780066800000,BUY,82.08,-0.03842429970160696,2.3406615315306385
1780066800000,BUY,81.9,-0.03834003588647186,2.3406615315306385
1780066800000,BUY,81.72,-0.038255772071336756,2.3406615315306385
1780066800000,BUY,81.54,-0.03817150825620166,2.3406615315306385
1780066800000,BUY,81.36,-0.03808724444106655,2.3406615315306385
1780066800000,BUY,81.18,-0.03800298062593145,2.3406615315306385
1780066800000,SELL,82.44,0.3441334210117433,2.3406615315306385
1780066800000,SELL,82.26,0.3443019486420468,2.3406615315306385
1780066800000,SELL,82.08,0.3444704762722837,2.3406615315306385
1780066800000,SELL,81.9,0.34463900390258717,2.3406615315306385
1780066800000,SELL,81.72,0.3448075315328241,2.3406615315306385
1780066800000,SELL,81.54,0.34497605916312757,2.3406615315306385
1780066800000,SELL,81.36,0.34514458679336457,2.3406615315306385
1780070400000,BUY,82.26,-0.03834317307154476,2.330608623361582
1780070400000,SELL,82.44,0.34265540224109603,2.330608623361582
1780077600000,BUY,81.9,-0.03857795501095024,2.35518650860502
1780077600000,SELL,82.08,0.3466080880983662,2.35518650860502
1780081200000,BUY,81.9,-0.03858030678035799,2.3553300842709395
1780081200000,BUY,81.72,-0.03849551489732424,2.3553300842709395
1780081200000,BUY,81.54,-0.038410723014290486,2.3553300842709395
1780081200000,SELL,82.08,0.3466292178419682,2.3553300842709395
1780081200000,SELL,81.9,0.3467988016080692,2.3553300842709395
1780081200000,SELL,81.72,0.34696838537410324,2.3553300842709395
1780084800000,BUY,82.08,-0.038587001609450965,2.3505727101273735
1780084800000,SELL,82.26,0.34575984336891213,2.3505727101273735
1780092000000,BUY,81.9,-0.038615617761131774,2.3574858218029164
1780092000000,BUY,81.72,-0.03853074827154687,2.3574858218029164
1780092000000,SELL,81.9,0.3471162124022775,2.3574858218029164
1780095600000,BUY,81.9,-0.03859630641968875,2.3563068632288613
1780099200000,BUY,82.08,-0.038555569801010645,2.3486580044475294
1780099200000,SELL,82.08,0.34694647342307416,2.3574858218029164
1780099200000,SELL,82.08,0.34677296844764766,2.3563068632288613
1780099200000,SELL,82.26,0.34547819782222977,2.3486580044475294
1780102800000,BUY,82.26,-0.038391342305094805,2.3335364882746656
1780102800000,SELL,82.44,0.3430858686520772,2.3335364882746656
1780113600000,BUY,82.26,-0.03862509446219523,2.347744618416924
1780113600000,BUY,82.08,-0.038540575655932226,2.347744618416924
1780113600000,BUY,81.9,-0.03845605684966922,2.347744618416924
1780113600000,SELL,82.44,0.34517480477811247,2.347744618416924
1780113600000,SELL,82.26,0.3453438423906719,2.347744618416924
1780113600000,SELL,82.08,0.34551288000316455,2.347744618416924
1780117200000,BUY,82.26,-0.03849643615750279,2.33992439566635
1780117200000,SELL,82.44,0.3440250443484321,2.33992439566635
1780124400000,BUY,82.26,-0.03860351357618454,2.3464328699358457
1780124400000,SELL,82.44,0.3449819462694304,2.3464328699358457
1780131600000,BUY,82.26,-0.038618523812574704,2.347345235386257
1780135200000,SELL,82.44,0.3451160858874117,2.347345235386257
1780138800000,BUY,82.26,-0.03862509446219523,2.347744618416924
1780138800000,SELL,82.44,0.34517480477811247,2.347744618416924
1780142400000,BUY,82.26,-0.038571187426149255,2.344467993322955
1780146000000,BUY,82.26,-0.03855247240659485,2.343330440468931
1780146000000,SELL,82.44,0.3446930622502968,2.344467993322955
1780146000000,SELL,82.44,0.3445258146794868,2.343330440468931
1780236000000,BUY,81.9,-0.03862504494187518,2.358061351762831
1780236000000,SELL,82.08,0.3470311730162149,2.358061351762831
1780243200000,BUY,81.54,-0.038632099607709365,2.368904807929198
1780243200000,BUY,81.36,-0.038546819034623904,2.368904807929198
1780243200000,SELL,81.72,0.34896810506564846,2.368904807929198
1780243200000,SELL,81.54,0.3491386662118531,2.368904807929198
1780246800000,BUY,81.72,-0.038584426693921994,2.360770110983969
1780246800000,BUY,81.54,-0.038499438969926573,2.360770110983969
1780246800000,SELL,81.72,0.34776976658925296,2.360770110983969
1780254000000,BUY,81.54,-0.03863257334219222,2.368933857137124
1780254000000,BUY,81.36,-0.038547291723335285,2.368933857137124
1780254000000,SELL,81.72,0.34897238436256656,2.368933857137124
1780254000000,SELL,81.54,0.34914294760031406,2.368933857137124
1780257600000,BUY,81.9,-0.0386241020166758,2.3580037861218437
1780257600000,BUY,81.72,-0.038539213880375414,2.3580037861218437
1780257600000,SELL,81.9,0.3475997911412957,2.360770110983969
1780257600000,SELL,81.9,0.3471924774685964,2.3580037861218437
1780261200000,BUY,82.26,-0.038635424287365654,2.3483724949772458
1780261200000,BUY,82.08,-0.03855088287754647,2.3483724949772458
1780261200000,BUY,81.9,-0.03846634146772729,2.3483724949772458
1780261200000,SELL,82.08,0.34702270119596207,2.3580037861218437
1780261200000,SELL,82.26,0.34543620052118895,2.3483724949772458
1780261200000,SELL,82.08,0.345605283340794,2.3483724949772458
1780264800000,BUY,82.26,-0.03852957124342053,2.3419384417347757
1780264800000,BUY,82.08,-0.03844526145951808,2.3419384417347757
1780264800000,SELL,82.44,0.34526711770151725,2.3483724949772458
1780264800000,SELL,82.44,0.3443211574575964,2.3419384417347757
1780264800000,SELL,82.26,0.3444897770254345,2.3419384417347757
1780268400000,BUY,82.26,-0.0385660389846775,2.3441550562045648
1780268400000,BUY,82.08,-0.03848164940265414,2.3441550562045648
1780268400000,SELL,82.44,0.3446470529834026,2.3441550562045648
1780268400000,SELL,82.26,0.3448158321474826,2.3441550562045648
1780275600000,BUY,81.72,-0.03863541808036559,2.3638899951276056
1780275600000,SELL,81.9,0.34805916288260474,2.3638899951276056
1780279200000,BUY,82.26,-0.038457772957180045,2.3375743348638487
1780279200000,BUY,82.08,-0.03837362028112494,2.3375743348638487
1780279200000,BUY,81.9,-0.03828946760506984,2.3375743348638487
1780279200000,BUY,81.72,-0.038205314929014744,2.3375743348638487
1780279200000,SELL,82.44,0.3436795290090052,2.3375743348638487
1780279200000,SELL,82.26,0.34384783436114863,2.3375743348638487
1780279200000,SELL,82.08,0.34401613971322564,2.3375743348638487
1780279200000,SELL,81.9,0.344184445065369,2.3375743348638487
1780286400000,BUY,81.9,-0.038590657973074406,2.3559620252182176
1780286400000,SELL,82.08,0.34672221932729724,2.3559620252182176
1780290000000,BUY,81.72,-0.038611794212733405,2.3624445798295035
1780290000000,SELL,81.9,0.3478463399341122,2.3624445798295035
1780293600000,BUY,81.36,-0.038614531428328935,2.3730660907281793
1780293600000,BUY,81.18,-0.03852910104906272,2.3730660907281793
1780293600000,SELL,81.54,0.34975197271589814,2.3730660907281793
1780293600000,SELL,81.36,0.34992283347439684,2.3730660907281793
1780304400000,BUY,81.0,-0.038614434451366565,2.3836070648991705
1780304400000,SELL,81.18,0.3516487830704611,2.3836070648991705
1780308000000,BUY,81.0,-0.03860919420340568,2.3832835928028198
1780311600000,SELL,81.18,0.3516010618790306,2.3832835928028198
1780322400000,BUY,79.63,-0.03861163434650213,2.424440182500448
1780322400000,BUY,79.46,-0.03852920338029711,2.424440182500448
1780322400000,SELL,79.8,0.33476670039966594,2.424440182500448
1780322400000,SELL,79.63,0.334931562332076,2.424440182500448
1780326000000,BUY,79.46,-0.03858392135714677,2.4278832970769426
1780326000000,BUY,79.28,-0.038496517558452,2.4278832970769426
1780326000000,SELL,79.63,0.3354072217245896,2.4278832970769426
1780326000000,SELL,79.45,0.3355820293219791,2.4278832970769426
1780329600000,BUY,79.63,-0.03828062257513545,2.4036558191093467
1780329600000,BUY,79.46,-0.03819889827728574,2.4036558191093467
1780329600000,BUY,79.28,-0.038112366667797805,2.4036558191093467
1780329600000,BUY,79.11,-0.03803064236994808,2.4036558191093467
1780329600000,SELL,79.8,0.3318967955026227,2.4036558191093467
1780329600000,SELL,79.63,0.33206024409832213,2.4036558191093467
1780329600000,SELL,79.45,0.332233307317298,2.4036558191093467
1780329600000,SELL,79.28,0.33239675591299744,2.4036558191093467
1780365600000,BUY,79.63,-0.038095289017763975,2.392018649865878
1780365600000,BUY,79.46,-0.038013960383668534,2.392018649865878
1780365600000,SELL,79.8,0.33028993517348454,2.392018649865878
1780365600000,SELL,79.63,0.33045259244167546,2.392018649865878
1780380000000,BUY,79.46,-0.038591196492218455,2.4283410830744057
1780380000000,BUY,79.28,-0.03850377621322778,2.4283410830744057
1780380000000,SELL,79.63,0.33547046394456714,2.4283410830744057
1780380000000,SELL,79.45,0.3356453045025485,2.4283410830744057
1780383600000,BUY,79.46,-0.03855823783355465,2.4262671679810377
1780383600000,BUY,79.28,-0.03847089221550734,2.4262671679810377
1780383600000,BUY,79.11,-0.03838839913179598,2.4262671679810377
1780383600000,SELL,79.63,0.33518395672224854,2.4262671679810377
1780383600000,SELL,79.45,0.33535864795834314,2.4262671679810377
1780383600000,SELL,79.28,0.33552363412576586,2.4262671679810377
1780387200000,BUY,79.46,-0.03857907279078959,2.427578202289806
1780387200000,SELL,79.63,0.3353650734899362,2.427578202289806
1780390800000,BUY,78.94,-0.038574304646117163,2.4432673325384573
1780390800000,BUY,78.76,-0.03848634702214578,2.4432673325384573
1780390800000,SELL,79.11,0.33804069506069495,2.4432673325384573
1780390800000,SELL,78.93,0.3382166103086377,2.4432673325384573
1780394400000,BUY,79.28,-0.03857942880827876,2.433112311319296
1780394400000,BUY,79.11,-0.038496702989693904,2.433112311319296
1780394400000,BUY,78.94,-0.03841397717110905,2.433112311319296
1780394400000,SELL,79.28,0.3364702353077269,2.433112311319296
1780394400000,SELL,79.11,0.33663568694489665,2.433112311319296
1780401600000,BUY,78.94,-0.03863342722182942,2.4470121118463024
1780401600000,BUY,78.76,-0.03854533478580296,2.4470121118463024
1780401600000,SELL,79.11,0.3385588077466112,2.4470121118463024
1780401600000,SELL,78.93,0.33873499261866413,2.4470121118463024
1780405200000,BUY,78.76,-0.03856438592266846,2.448221554257774
1780405200000,SELL,78.93,0.3389024133127993,2.448221554257774
1780408800000,FLATTEN,77.386,-4.645972483503505,2.4331123113192934
1780412400000,BUY,76.2,-0.03857207684162759,2.530976170710472
1780412400000,BUY,76.04,-0.03849108560416486,2.530976170710472
1780412400000,SELL,76.37,0.352949688957921,2.530976170710472
1780412400000,SELL,76.21,0.3531116714328105,2.530976170710472
1780416000000,BUY,76.54,-0.03857034958103158,2.519620432521007
1780416000000,BUY,76.37,-0.03848468248632587,2.519620432521007
1780416000000,BUY,76.2,-0.038399015391620155,2.519620432521007
1780416000000,SELL,76.71,0.35102344017706516,2.519620432521007
1780416000000,SELL,76.54,0.35119477436651236,2.519620432521007
1780416000000,SELL,76.37,0.3513661085559238,2.519620432521007
1780419600000,BUY,76.71,-0.03859762009904611,2.515814111526927
1780419600000,BUY,76.54,-0.038512082419254204,2.515814111526927
1780419600000,SELL,76.88,0.35032208340190585,2.515814111526927
1780419600000,SELL,76.71,0.3504931587614539,2.515814111526927
1780423200000,BUY,76.04,-0.03860539402779321,2.5384925057728305
1780423200000,SELL,76.21,0.3541603204353705,2.5384925057728305
1780430400000,BUY,75.31,-0.03859434085121161,2.56236494829449
1780430400000,BUY,75.15,-0.03851234517286619,2.56236494829449
1780430400000,BUY,74.98,-0.03842522476462418,2.56236494829449
1780430400000,BUY,74.82,-0.03834322908627875,2.56236494829449
1780430400000,SELL,75.47,0.3326257186679956,2.56236494829449
1780430400000,SELL,75.31,0.3327897100246865,2.56236494829449
1780430400000,SELL,75.14,0.3329639508411705,2.56236494829449
1780430400000,SELL,74.98,0.33312794219789776,2.56236494829449
1780434000000,BUY,75.31,-0.03847848484447752,2.5546730078659885
1780434000000,SELL,75.47,0.331627212497091,2.5546730078659885
1780441200000,BUY,73.45,-0.038257177452761054,2.604300711556232
1780441200000,BUY,73.29,-0.03817383982999126,2.604300711556232
1780441200000,BUY,73.13,-0.03809050220722145,2.604300711556232
1780441200000,BUY,72.97,-0.03800716458445165,2.604300711556232
1780441200000,BUY,72.81,-0.03792382696168185,2.604300711556232
1780441200000,SELL,73.61,0.34000708369792654,2.604300711556232
1780441200000,SELL,73.45,0.34017375894346613,2.604300711556232
1780441200000,SELL,73.29,0.34034043418904275,2.604300711556232
1780441200000,SELL,73.13,0.3405071094345453,2.604300711556232
1780441200000,SELL,72.97,0.3406737846800849,2.604300711556232
1780455600000,BUY,72.65,-0.038630514556389516,2.6586727155120102
1780455600000,BUY,72.49,-0.038545437029493125,2.6586727155120102
1780455600000,BUY,72.33,-0.03846035950259674,2.6586727155120102
1780455600000,SELL,72.81,0.3479564503153408,2.6586727155120102
1780455600000,SELL,72.65,0.3481266053691713,2.6586727155120102
1780455600000,SELL,72.49,0.34829676042292634,2.6586727155120102
1780459200000,BUY,73.45,-0.038340393545954435,2.6099655238907036
1780459200000,BUY,73.29,-0.03825687464918994,2.6099655238907036
1780459200000,BUY,73.13,-0.038173355752425434,2.6099655238907036
1780459200000,BUY,72.97,-0.03808983685566093,2.6099655238907036
1780459200000,BUY,72.81,-0.038006317958896425,2.6099655238907036
1780459200000,BUY,72.65,-0.037922799062131925,2.6099655238907036
1780459200000,SELL,73.61,0.3407466589370658,2.6099655238907036
1780459200000,SELL,73.45,0.3409136967305948,2.6099655238907036
1780459200000,SELL,73.29,0.3410807345241609,2.6099655238907036
1780459200000,SELL,73.13,0.3412477723176528,2.6099655238907036
1780459200000,SELL,72.97,0.3414148101111818,2.6099655238907036
1780459200000,SELL,72.81,0.34158184790471086,2.6099655238907036
1780480800000,FLATTEN,75.501,-1.3411671773155832e-17,8.881784197001252e-16
1780484400000,BUY,75.01,-0.03860291223927588,2.5731843913662096
1780484400000,SELL,75.17,0.33433899433898556,2.5731843913662096
1780488000000,BUY,75.01,-0.03856695237691979,2.570787386809744
1780488000000,BUY,74.84,-0.03847954560576825,2.570787386809744
1780488000000,BUY,74.68,-0.03839728040939034,2.570787386809744
1780488000000,SELL,75.17,0.3340275467429549,2.570787386809744
1780488000000,SELL,75.0,0.33420236028525796,2.570787386809744
1780488000000,SELL,74.84,0.3343668906780138,2.570787386809744
1780491600000,BUY,74.51,-0.03863377111380869,2.592522554946228
1780491600000,BUY,74.35,-0.038550810392050404,2.592522554946228
1780491600000,SELL,74.67,0.33737014512025365,2.592522554946228
1780491600000,SELL,74.51,0.3375360665638071,2.592522554946228
1780495200000,BUY,74.35,-0.038604690655462716,2.5961459754850513
1780495200000,BUY,74.18,-0.03851642169229622,2.5961459754850513
1780495200000,SELL,74.51,0.33800782142427976,2.5961459754850513
1780495200000,SELL,74.34,0.3381843593505759,2.5961459754850513
1780502400000,BUY,72.93,-0.038631066630106944,2.6485031283495775
1780502400000,BUY,72.77,-0.03854631452999975,2.6485031283495775
1780502400000,BUY,72.61,-0.038461562429892564,2.6485031283495775
1780502400000,BUY,72.45,-0.03837681032978538,2.6485031283495775
1780502400000,BUY,72.3,-0.038297355235934895,2.6485031283495775
1780502400000,BUY,72.14,-0.03821260313582771,2.6485031283495775
1780502400000,BUY,71.98,-0.03812785103572052,2.6485031283495775
1780502400000,SELL,73.09,0.3463288630754951,2.6485031283495775
1780502400000,SELL,72.93,0.3464983672757471,2.6485031283495775
1780502400000,SELL,72.77,0.3466678714759238,2.6485031283495775
1780502400000,SELL,72.61,0.3468373756761382,2.6485031283495775
1780502400000,SELL,72.46,0.3469962858638392,2.6485031283495775
1780502400000,SELL,72.3,0.34716579006405357,2.6485031283495775
1780502400000,SELL,72.14,0.3473352942642679,2.6485031283495775
1780506000000,BUY,73.09,-0.038618927262035446,2.641874898210114
1780506000000,BUY,72.93,-0.03853438726529273,2.641874898210114
1780506000000,BUY,72.77,-0.03844984726855,2.641874898210114
1780506000000,BUY,72.61,-0.03836530727180727,2.641874898210114
1780506000000,BUY,72.45,-0.038280767275064555,2.641874898210114
1780506000000,SELL,73.25,0.34529304919605286,2.641874898210114
1780506000000,SELL,73.09,0.34546212918953834,2.641874898210114
1780506000000,SELL,72.93,0.3456312091830613,2.641874898210114
1780506000000,SELL,72.77,0.34580028917650923,2.641874898210114
1780506000000,SELL,72.61,0.34596936916999466,2.641874898210114
1780509600000,BUY,72.93,-0.03857078325622143,2.6443701670246416
1780509600000,BUY,72.77,-0.038486163410876635,2.6443701670246416
1780509600000,BUY,72.61,-0.03840154356553185,2.6443701670246416
1780509600000,BUY,72.45,-0.03831692372018706,2.6443701670246416
1780509600000,SELL,73.09,0.34578842052080117,2.6443701670246416
1780509600000,SELL,72.93,0.34595766021152835,2.6443701670246416
1780509600000,SELL,72.77,0.3461268999021804,2.6443701670246416
1780509600000,SELL,72.61,0.3462961395928699,2.6443701670246416
1780520400000,BUY,71.01,-0.0377008764609765,2.6546174102926696
1780520400000,SELL,71.17,0.3491671372106064,2.6546174102926696
1780531200000,BUY,70.7,-0.03862871438599017,2.731875133379786
1780531200000,BUY,70.55,-0.038546758131988774,2.731875133379786
1780531200000,BUY,70.39,-0.03845933812772063,2.731875133379786
1780531200000,SELL,70.86,0.35966775256023975,2.731875133379786
1780531200000,SELL,70.71,0.35983166506824255,2.731875133379786
1780531200000,SELL,70.55,0.3600065050767789,2.731875133379786
1780538400000,BUY,68.42,-0.03776104905293832,2.759503730849044
1780538400000,BUY,68.27,-0.03767826394101285,2.759503730849044
1780538400000,BUY,68.12,-0.03759547882908738,2.759503730849044
1780538400000,BUY,67.97,-0.037512693717161906,2.759503730849044
1780538400000,BUY,67.82,-0.037429908605236435,2.759503730849044
1780538400000,BUY,67.67,-0.037347123493310964,2.759503730849044
1780538400000,BUY,67.52,-0.03726433838138549,2.759503730849044
1780538400000,BUY,67.37,-0.03718155326946002,2.759503730849044
1780538400000,SELL,68.57,0.3382378912976055,2.759503730849044
1780538400000,SELL,68.42,0.33840346152149564,2.759503730849044
1780538400000,SELL,68.27,0.3385690317453074,2.759503730849044
1780538400000,SELL,68.12,0.3387346019691975,2.759503730849044
1780538400000,SELL,67.97,0.33890017219304847,2.759503730849044
1780538400000,SELL,67.82,0.3390657424168602,2.759503730849044
1780538400000,SELL,67.67,0.33923131264075035,2.759503730849044
1780538400000,SELL,67.52,0.3393968828645621,2.759503730849044
1780545600000,BUY,70.8,-0.03861454750782814,2.7270160669370154
1780545600000,SELL,70.96,0.3589189466659729,2.7270160669370154
1780549200000,BUY,70.17,-0.03856820833020794,2.748197828859052
1780549200000,SELL,70.33,0.3623993512959761,2.748197828859052
1780560000000,BUY,68.95,-0.03850234532052715,2.7920482465937013
1780560000000,BUY,68.8,-0.03841858387312933,2.7920482465937013
1780560000000,BUY,68.65,-0.038334822425731524,2.7920482465937013
1780560000000,BUY,68.5,-0.03825106097833371,2.7920482465937013
1780560000000,BUY,68.35,-0.038167299530935894,2.7920482465937013
1780560000000,SELL,69.1,0.3416350234531815,2.7920482465937013
1780560000000,SELL,68.95,0.34180254634801677,2.7920482465937013
1780560000000,SELL,68.8,0.34197006924277273,2.7920482465937013
1780560000000,SELL,68.65,0.342137592137608,2.7920482465937013
1780560000000,SELL,68.5,0.3423051150324037,2.7920482465937013
1780563600000,BUY,68.8,-0.038628503185134104,2.807304010547537
1780563600000,BUY,68.65,-0.038544284064817684,2.807304010547537
1780563600000,BUY,68.5,-0.03846006494450126,2.807304010547537
1780563600000,BUY,68.35,-0.03837584582418482,2.807304010547537
1780563600000,BUY,68.19,-0.03828601209584731,2.807304010547537
1780563600000,BUY,68.04,-0.038201792975530884,2.807304010547537
1780563600000,BUY,67.89,-0.03811757385521446,2.807304010547537
1780563600000,SELL,68.95,0.3436701569712454,2.807304010547537
1780563600000,SELL,68.8,0.34383859521183835,2.807304010547537
1780563600000,SELL,68.65,0.3440070334525111,2.807304010547537
1780563600000,SELL,68.5,0.344175471693144,2.807304010547537
1780563600000,SELL,68.34,0.344355139149819,2.807304010547537
1780563600000,SELL,68.19,0.34452357739041195,2.807304010547537
1780563600000,SELL,68.04,0.3446920156310847,2.807304010547537
1780570800000,BUY,68.5,-0.038554751388898086,2.8142154298465756
1780570800000,BUY,68.35,-0.038470324926002684,2.8142154298465756
1780570800000,BUY,68.19,-0.0383802700322476,2.8142154298465756
1780570800000,BUY,68.04,-0.03829584356935221,2.8142154298465756
1780570800000,BUY,67.89,-0.038211417106456806,2.8142154298465756
1780570800000,SELL,68.65,0.34485395877341535,2.8142154298465756
1780570800000,SELL,68.5,0.3450228116992062,2.8142154298465756
1780570800000,SELL,68.34,0.34520292148671633,2.8142154298465756
1780570800000,SELL,68.19,0.34537177441246714,2.8142154298465756
1780570800000,SELL,68.04,0.34554062733829793,2.8142154298465756
1780574400000,BUY,68.95,-0.03802151249164737,2.7571800211491926
1780574400000,BUY,68.8,-0.037938797091012895,2.7571800211491926
1780574400000,BUY,68.65,-0.03785608169037842,2.7571800211491926
1780574400000,BUY,68.5,-0.03777336628974394,2.7571800211491926
1780574400000,BUY,68.35,-0.03769065088910946,2.7571800211491926
1780574400000,SELL,69.1,0.33736854738779165,2.7571800211491926
1780574400000,SELL,68.95,0.3375339781890998,2.7571800211491926
1780574400000,SELL,68.8,0.3376994089903296,2.7571800211491926
1780574400000,SELL,68.65,0.3378648397916377,2.7571800211491926
1780574400000,SELL,68.5,0.3380302705929067,2.7571800211491926
1780588800000,BUY,68.95,-0.03840133299785609,2.7847232050657063
1780588800000,SELL,69.1,0.3407387313718161,2.7847232050657063
1780592400000,BUY,68.95,-0.03849511253453279,2.7915237515977367
1780592400000,BUY,68.8,-0.03841136682198486,2.7915237515977367
1780592400000,BUY,68.65,-0.03832762110943693,2.7915237515977367
1780592400000,BUY,68.5,-0.038243875396889,2.7915237515977367
1780592400000,SELL,69.1,0.3415708462454753,2.7915237515977367
1780592400000,SELL,68.95,0.3417383376706108,2.7915237515977367
1780592400000,SELL,68.8,0.341905829095667,2.7915237515977367
1780592400000,SELL,68.65,0.34207332052080247,2.7915237515977367
1780596000000,BUY,68.95,-0.0383532338894495,2.781235234912944
1780596000000,BUY,68.8,-0.03826979683240211,2.781235234912944
1780596000000,BUY,68.65,-0.03818635977535473,2.781235234912944
1780596000000,SELL,69.1,0.3403119433439241,2.781235234912944
1780596000000,SELL,68.95,0.3404788174580584,2.781235234912944
1780596000000,SELL,68.8,0.34064569157211366,2.781235234912944
1780603200000,BUY,68.65,-0.03857174963479043,2.809304416226542
1780603200000,BUY,68.5,-0.038487470502303625,2.809304416226542
1780603200000,SELL,68.8,0.34408360489940293,2.809304416226542
1780603200000,SELL,68.65,0.3442521631644164,2.809304416226542
1780610400000,BUY,68.35,-0.03858781130611746,2.8228098980334644
1780610400000,BUY,68.19,-0.03849748138938039,2.8228098980334644
1780610400000,BUY,68.04,-0.03841279709243939,2.8228098980334644
1780610400000,BUY,67.89,-0.03832811279549838,2.8228098980334644
1780610400000,SELL,68.5,0.3460764934989188,2.8228098980334644
1780610400000,SELL,68.34,0.34625715333239293,2.8228098980334644
1780610400000,SELL,68.19,0.3464265219262348,2.8228098980334644
1780610400000,SELL,68.04,0.34659589052015694,2.8228098980334644
1780614000000,BUY,68.8,-0.03862232935970677,2.806855331374038
1780614000000,BUY,68.65,-0.038538123699765545,2.806855331374038
1780614000000,BUY,68.5,-0.03845391803982432,2.806855331374038
1780614000000,BUY,68.35,-0.038369712379883104,2.806855331374038
1780614000000,BUY,68.19,-0.03827989300927913,2.806855331374038
1780614000000,BUY,68.04,-0.03819568734933792,2.806855331374038
1780614000000,SELL,68.8,0.34378364098666825,2.806855331374038
1780614000000,SELL,68.65,0.34395205230659054,2.806855331374038
1780614000000,SELL,68.5,0.344120463626473,2.806855331374038
1780614000000,SELL,68.34,0.34430010236768094,2.806855331374038
1780614000000,SELL,68.19,0.3444685136875235,2.806855331374038
1780617600000,SELL,68.95,0.3436152296668257,2.806855331374038
1780621200000,BUY,68.35,-0.038572029892285795,2.821655442010665
1780621200000,BUY,68.19,-0.038481736918141454,2.821655442010665
1780621200000,BUY,68.04,-0.03839708725488114,2.821655442010665
1780621200000,BUY,67.89,-0.03831243759162081,2.821655442010665
1780621200000,SELL,68.5,0.3459349571905236,2.821655442010665
1780621200000,SELL,68.34,0.34611554313881226,2.821655442010665
1780621200000,SELL,68.19,0.3462848424652928,2.821655442010665
1780621200000,SELL,68.04,0.3464541417918535,2.821655442010665
1780628400000,BUY,66.99,-0.03860006263701848,2.881031694060194
1780628400000,SELL,67.14,0.3547817669333649,2.881031694060194
1780632000000,BUY,67.13,-0.03819653168356465,2.844967353162867
1780632000000,BUY,66.99,-0.038116872597676085,2.844967353162867
1780632000000,BUY,66.84,-0.03803152357708121,2.844967353162867
1780632000000,BUY,66.69,-0.03794617455648632,2.844967353162867
1780632000000,BUY,66.55,-0.03786651547059776,2.844967353162867
1780632000000,SELL,67.28,0.3501813415661271,2.844967353162867
1780632000000,SELL,67.14,0.3503406597379043,2.844967353162867
1780632000000,SELL,66.99,0.3505113577790536,2.844967353162867
1780632000000,SELL,66.84,0.35068205582028383,2.844967353162867
1780632000000,SELL,66.7,0.35084137399206095,2.844967353162867
1780635600000,BUY,66.1,-0.03858965905656748,2.919036237259265
1780635600000,SELL,66.25,0.3605009753015358,2.919036237259265
1780642800000,BUY,64.85,-0.037895401884784505,2.921773468371974
1780642800000,BUY,64.71,-0.037813592227670084,2.921773468371974
1780642800000,BUY,64.56,-0.03772593902361893,2.921773468371974
1780642800000,BUY,64.42,-0.03764412936650451,2.921773468371974
1780642800000,BUY,64.28,-0.037562319709390106,2.921773468371974
1780642800000,BUY,64.14,-0.037480510052275685,2.921773468371974
1780642800000,BUY,64.0,-0.03739870039516127,2.921773468371974
1780642800000,SELL,64.99,0.3330938624882802,2.921773468371974
1780642800000,SELL,64.85,0.333257481802509,2.921773468371974
1780642800000,SELL,64.7,0.3334327882106113,2.921773468371974
1780642800000,SELL,64.56,0.33359640752484016,2.921773468371974
1780642800000,SELL,64.42,0.33376002683906897,2.921773468371974
1780642800000,SELL,64.28,0.3339236461532978,2.921773468371974
1780642800000,SELL,64.14,0.33408726546752665,2.921773468371974
1780668000000,BUY,64.85,-0.038415997390729845,2.961911903680019
1780668000000,BUY,64.71,-0.038333063857426804,2.961911903680019
1780668000000,BUY,64.56,-0.03824420650031641,2.961911903680019
1780668000000,BUY,64.42,-0.03816127296701337,2.961911903680019
1780668000000,BUY,64.28,-0.03807833943371033,2.961911903680019
1780668000000,BUY,64.14,-0.037995405900407286,2.961911903680019
1780668000000,BUY,64.0,-0.037912472367104245,2.961911903680019
1780668000000,SELL,64.99,0.3376698046671386,2.961911903680019
1780668000000,SELL,64.85,0.3378356717337447,2.961911903680019
1780668000000,SELL,64.7,0.33801338644796547,2.961911903680019
1780668000000,SELL,64.56,0.33817925351457157,2.961911903680019
1780668000000,SELL,64.42,0.3383451205811776,2.961911903680019
1780668000000,SELL,64.28,0.3385109876477837,2.961911903680019
1780668000000,SELL,64.14,0.3386768547143898,2.961911903680019
1780671600000,BUY,64.14,-0.03858703191486351,3.0080317987888607
1780671600000,BUY,64.0,-0.03850280702449742,3.0080317987888607
1780671600000,BUY,63.85,-0.038412566070533755,3.0080317987888607
1780671600000,SELL,64.28,0.34378193821998304,3.0080317987888607
1780671600000,SELL,64.14,0.3439503880007152,3.0080317987888607
1780671600000,SELL,63.99,0.34413086990864256,3.0080317987888607
1780675200000,BUY,64.85,-0.03805887811492818,2.9343776495704073
1780675200000,BUY,64.71,-0.03797671554074021,2.9343776495704073
1780675200000,BUY,64.56,-0.0378886842112531,2.9343776495704073
1780675200000,BUY,64.42,-0.03780652163706513,2.9343776495704073
1780675200000,BUY,64.28,-0.03772435906287716,2.9343776495704073
1780675200000,BUY,64.14,-0.03764219648868918,2.9343776495704073
1780675200000,BUY,64.0,-0.03756003391450122,2.9343776495704073
1780675200000,BUY,63.85,-0.037472002585014104,2.9343776495704073
1780675200000,SELL,64.99,0.3345307895616264,2.9343776495704073
1780675200000,SELL,64.85,0.33469511471000235,2.9343776495704073
1780675200000,SELL,64.7,0.33487117736897654,2.9343776495704073
1780675200000,SELL,64.56,0.3350355025173525,2.9343776495704073
1780675200000,SELL,64.42,0.3351998276657284,2.9343776495704073
1780675200000,SELL,64.28,0.33536415281410437,2.9343776495704073
1780675200000,SELL,64.14,0.3355284779624803,2.9343776495704073
1780675200000,SELL,63.99,0.33570454062145455,2.9343776495704073
1780678800000,BUY,64.85,-0.03851283749605247,2.969378372864493
1780678800000,SELL,64.99,0.33852101202004536,2.969378372864493
1780682400000,FLATTEN,62.862,-1.1166534363837855e-17,8.881784197001252e-16
1780686000000,BUY,62.72,-0.03823342527370548,3.047945254600246
1780686000000,BUY,62.59,-0.038154178697085886,3.047945254600246
1780686000000,BUY,62.45,-0.038068836229957076,3.047945254600246
1780686000000,BUY,62.31,-0.037983493762828266,3.047945254600246
1780686000000,BUY,62.18,-0.03790424718620866,3.047945254600246
1780686000000,BUY,62.04,-0.03781890471907986,3.047945254600246
1780686000000,BUY,61.9,-0.03773356225195105,3.047945254600246
1780686000000,BUY,61.76,-0.03764821978482224,3.047945254600246
1780686000000,SELL,62.86,0.35007480016236764,3.047945254600246
1780686000000,SELL,62.73,0.3502332933155851,3.047945254600246
1780686000000,SELL,62.59,0.35040397824986447,3.047945254600246
1780686000000,SELL,62.45,0.35057466318412206,3.047945254600246
1780686000000,SELL,62.32,0.35073315633736124,3.047945254600246
1780686000000,SELL,62.18,0.3509038412716189,3.047945254600246
1780686000000,SELL,62.04,0.3510745262058765,3.047945254600246
1780686000000,SELL,61.9,0.35124521114013413,3.047945254600246
1780696800000,BUY,64.31,-0.038600949920839935,3.001162332517488
1780696800000,BUY,64.17,-0.038516917375529446,3.001162332517488
1780696800000,BUY,64.03,-0.03843288483021896,3.001162332517488
1780696800000,BUY,63.89,-0.03834885228490847,3.001162332517488
1780696800000,BUY,63.75,-0.03826481973959797,3.001162332517488
1780696800000,SELL,64.45,0.34279276162014916,3.001162332517488
1780696800000,SELL,64.31,0.34296082671077016,3.001162332517488
1780696800000,SELL,64.17,0.3431288918013911,3.001162332517488
1780696800000,SELL,64.03,0.3432969568920121,3.001162332517488
1780696800000,SELL,63.89,0.34346502198263307,3.001162332517488
1780700400000,BUY,63.47,-0.038564059821667274,3.037975407410373
1780700400000,SELL,63.61,0.3480183107713044,3.037975407410373
1780704000000,BUY,64.46,-0.03854487487038212,2.989828953644285
1780704000000,BUY,64.31,-0.038455180001772796,2.989828953644285
1780704000000,BUY,64.17,-0.03837146479107075,2.989828953644285
1780704000000,BUY,64.03,-0.03828774958036872,2.989828953644285
1780704000000,BUY,63.89,-0.03820403436966668,2.989828953644285
1780704000000,BUY,63.75,-0.03812031915896463,2.989828953644285
1780704000000,BUY,63.61,-0.038036603948262596,2.989828953644285
1780704000000,SELL,64.6,0.3413188733480333,2.989828953644285
1780704000000,SELL,64.45,0.34149826308525194,2.989828953644285
1780704000000,SELL,64.31,0.341665693506656,2.989828953644285
1780704000000,SELL,64.17,0.3418331239280601,2.989828953644285
1780704000000,SELL,64.03,0.3420005543494642,2.989828953644285
1780704000000,SELL,63.89,0.34216798477086824,2.989828953644285
1780704000000,SELL,63.75,0.34233541519227234,2.989828953644285
1780707600000,BUY,63.75,-0.038605479252961275,3.0278807257224525
1780707600000,SELL,63.89,0.34652278177458207,3.0278807257224525
1780711200000,BUY,63.47,-0.03863332020480505,3.043431558595009
1780711200000,SELL,63.61,0.3486433456264116,3.043431558595009
1780714800000,FLATTEN,62.786,-3.345910215557524e-17,2.6645352591003757e-15
1780725600000,BUY,62.14,-0.03861647745550467,3.1072157592134433
1780725600000,SELL,62.28,0.35760324729635856,3.1072157592134433
1780729200000,BUY,62.42,-0.03843746422998292,3.0789381792680968
1780729200000,BUY,62.28,-0.038351253960963415,3.0789381792680968
1780729200000,BUY,62.14,-0.03826504369194391,3.0789381792680968
1780729200000,SELL,62.56,0.3540039960995304,3.0789381792680968
1780729200000,SELL,62.42,0.35417641663756944,3.0789381792680968
1780729200000,SELL,62.28,0.35434883717560844,3.0789381792680968
1780736400000,BUY,62.42,-0.03849022165411396,3.0831641824826947
1780736400000,SELL,62.56,0.35448988504513207,3.0831641824826947
1780740000000,BUY,61.73,-0.038605719213207185,3.1269819547389592
1780740000000,BUY,61.6,-0.03852441768238398,3.1269819547389592
1780740000000,BUY,61.46,-0.038436862187651286,3.1269819547389592
1780740000000,SELL,61.87,0.36039092424757635,3.1269819547389592
1780740000000,SELL,61.74,0.36055352730922274,3.1269819547389592
1780740000000,SELL,61.6,0.3607286382986881,3.1269819547389592
1780743600000,BUY,62.28,-0.0385632989402341,3.09596170040415
1780743600000,BUY,62.14,-0.038476612012622785,3.09596170040415
1780743600000,BUY,62.01,-0.03839611700841227,3.09596170040415
1780743600000,BUY,61.87,-0.038309430080800955,3.09596170040415
1780743600000,BUY,61.73,-0.03822274315318964,3.09596170040415
1780743600000,SELL,62.42,0.35613466632089197,3.09596170040415
1780743600000,SELL,62.28,0.35630804017611456,3.09596170040415
1780743600000,SELL,62.15,0.3564690301845356,3.09596170040415
1780743600000,SELL,62.01,0.3566424040397582,3.09596170040415
1780743600000,SELL,61.87,0.35681577789498087,3.09596170040415
1780747200000,BUY,62.42,-0.038359208827310184,3.072669723430806
1780747200000,BUY,62.28,-0.03827317407505412,3.072669723430806
1780747200000,BUY,62.14,-0.038187139322798054,3.072669723430806
1780747200000,BUY,62.01,-0.03810724990998886,3.072669723430806
1780747200000,SELL,62.56,0.35328327412118204,3.072669723430806
1780747200000,SELL,62.42,0.3534553436256942,3.072669723430806
1780747200000,SELL,62.28,0.3536274131302063,3.072669723430806
1780747200000,SELL,62.15,0.3537871919558247,3.072669723430806
1780750800000,BUY,62.28,-0.03856762557536708,3.096309053899091
1780750800000,BUY,62.14,-0.03848092892185791,3.096309053899091
1780750800000,SELL,62.42,0.356174623088122,3.096309053899091
1780750800000,SELL,62.28,0.35634801639514035,3.096309053899091
1780754400000,BUY,62.28,-0.03863388233370894,3.1016283183774034
1780754400000,SELL,62.42,0.3567865087195912,3.1016283183774034
1780758000000,BUY,61.87,-0.03855224285431526,3.115584520309945
1780758000000,BUY,61.73,-0.03846500648774658,3.115584520309945
1780758000000,BUY,61.6,-0.03838400129021853,3.115584520309945
1780758000000,BUY,61.46,-0.03829676492364985,3.115584520309945
1780758000000,SELL,62.01,0.35890287440162616,3.115584520309945
1780758000000,SELL,61.87,0.3590773471347636,3.115584520309945
1780758000000,SELL,61.74,0.35923935752981967,3.115584520309945
1780758000000,SELL,61.6,0.35941383026295703,3.115584520309945
1780761600000,BUY,62.01,-0.038594663226169265,3.111970910028162
1780761600000,BUY,61.87,-0.03850752804068848,3.111970910028162
1780761600000,BUY,61.73,-0.038420392855207694,3.111970910028162
1780761600000,BUY,61.6,-0.03833948161154696,3.111970910028162
1780761600000,BUY,61.46,-0.03825234642606617,3.111970910028162
1780761600000,SELL,62.15,0.3583123305806443,3.111970910028162
1780761600000,SELL,62.01,0.3584866009516059,3.111970910028162
1780761600000,SELL,61.87,0.3586608713225675,3.111970910028162
1780761600000,SELL,61.74,0.35882269380988896,3.111970910028162
1780761600000,SELL,61.6,0.35899696418085053,3.111970910028162
1780765200000,BUY,61.46,-0.038561699753014975,3.137137955826145
1780765200000,SELL,61.6,0.36190023458410586,3.137137955826145
1780768800000,BUY,61.6,-0.03857749538042597,3.13129020945016
1780768800000,BUY,61.46,-0.03848981925456137,3.13129020945016
1780768800000,SELL,61.74,0.361050286310443,3.13129020945016
1780768800000,SELL,61.6,0.36122563856217216,3.13129020945016
1780776000000,BUY,61.73,-0.03858323590184789,3.1251608538674787
1780776000000,BUY,61.6,-0.03850198171964734,3.1251608538674787
1780776000000,BUY,61.46,-0.038414477215739054,3.1251608538674787
1780776000000,SELL,61.87,0.3601810387299364,3.1251608538674787
1780776000000,SELL,61.74,0.3603435470943375,3.1251608538674787
1780776000000,SELL,61.6,0.3605185561021541,3.1251608538674787
1780783200000,BUY,61.6,-0.03858625162127108,3.13200094328499
1780783200000,BUY,61.46,-0.038498555594859096,3.13200094328499
1780783200000,SELL,61.74,0.3611322367645342,3.13200094328499
1780783200000,SELL,61.6,0.3613076288173582,3.13200094328499
1780786800000,BUY,62.14,-0.038625796553302706,3.1079656061556733
1780786800000,BUY,62.01,-0.038544989447542664,3.1079656061556733
1780786800000,BUY,61.87,-0.0384579664105703,3.1079656061556733
1780786800000,BUY,61.73,-0.03837094337359794,3.1079656061556733
1780786800000,SELL,62.28,0.3576895456812459,3.1079656061556733
1780786800000,SELL,62.15,0.35785115989276595,3.1079656061556733
1780786800000,SELL,62.01,0.35802520596671067,3.1079656061556733
1780786800000,SELL,61.87,0.3581992520406554,3.1079656061556733
1780790400000,BUY,62.01,-0.03860710168217782,3.1129738495547348
1780790400000,SELL,62.15,0.35842780903773397,3.1129738495547348
1780794000000,BUY,62.42,-0.03790641316182796,3.036399644491185
1780794000000,BUY,62.28,-0.037821393971782205,3.036399644491185
1780794000000,BUY,62.14,-0.03773637478173645,3.036399644491185
1780794000000,BUY,62.01,-0.03765742839097968,3.036399644491185
1780794000000,SELL,62.56,0.34911308552502024,3.036399644491185
1780794000000,SELL,62.42,0.34928312390511174,3.036399644491185
1780794000000,SELL,62.28,0.3494531622852033,3.036399644491185
1780794000000,SELL,62.15,0.3496110550667168,3.036399644491185
1780812000000,BUY,64.06,-0.03820281004747023,2.981799098303952
1780812000000,SELL,64.2,0.3408792729181095,2.981799098303952
1780822800000,BUY,64.9,-0.03860127157129883,2.9739038190522975
1780822800000,SELL,65.04,0.3389774529108588,2.9739038190522975
1780830000000,BUY,64.9,-0.03859057820459547,2.9730799849457217
1780830000000,BUY,64.76,-0.03850733196501699,2.9730799849457217
1780830000000,SELL,65.04,0.3388835490040548,2.9730799849457217
1780830000000,SELL,64.9,0.3390500414832118,2.9730799849457217
1780837200000,BUY,64.12,-0.03854439090074583,3.0056449548304602
1780837200000,SELL,64.26,0.343533195757304,3.0056449548304602
1780858800000,BUY,63.84,-0.03860491852728752,3.023568180395326
1780858800000,BUY,63.7,-0.03852025861823646,3.023568180395326
1780858800000,BUY,63.56,-0.038435598709185385,3.023568180395326
1780858800000,SELL,63.98,0.3459203883826487,3.023568180395326
1780858800000,SELL,63.84,0.34608970820077234,3.023568180395326
1780858800000,SELL,63.7,0.3462590280188744,3.023568180395326
1780862400000,BUY,64.12,-0.03833029515354061,2.9889500275686682
1780862400000,BUY,63.98,-0.03824660455276868,2.9889500275686682
1780862400000,BUY,63.84,-0.03816291395199676,2.9889500275686682
1780862400000,BUY,63.7,-0.038079223351224836,2.9889500275686682
1780862400000,SELL,64.26,0.3416250323509902,2.9889500275686682
1780862400000,SELL,64.12,0.34179241355255524,2.9889500275686682
1780862400000,SELL,63.98,0.34195979475405663,2.9889500275686682
1780862400000,SELL,63.84,0.34212717595562175,2.9889500275686682
1780876800000,BUY,66.31,-0.03842773770402389,2.897582393607592
1780876800000,BUY,66.17,-0.03834660539700288,2.897582393607592
1780876800000,BUY,66.02,-0.03825967792519464,2.897582393607592
1780876800000,SELL,66.46,0.35760802868944985,2.897582393607592
1780876800000,SELL,66.32,0.3577702933034919,2.897582393607592
1780876800000,SELL,66.17,0.35794414824714954,2.897582393607592
1780880400000,BUY,66.02,-0.03856743063401868,2.920889929871151
1780880400000,BUY,65.88,-0.038485645715982286,2.920889929871151
1780880400000,BUY,65.73,-0.038398019018086156,2.920889929871151
1780880400000,BUY,65.59,-0.038316234100049765,2.920889929871151
1780880400000,BUY,65.44,-0.03822860740215363,2.920889929871151
1780880400000,SELL,66.17,0.3608233748168596,2.920889929871151
1780880400000,SELL,66.03,0.3609869446529324,2.920889929871151
1780880400000,SELL,65.88,0.36116219804868316,2.920889929871151
1780880400000,SELL,65.74,0.36132576788475596,2.920889929871151
1780880400000,SELL,65.59,0.3615010212805897,2.920889929871151
1780884000000,BUY,66.31,-0.038578185103557795,2.908926640292399
1780884000000,BUY,66.17,-0.03849673515762961,2.908926640292399
1780884000000,BUY,66.02,-0.03840946735842083,2.908926640292399
1780884000000,SELL,66.46,0.35900809023830194,2.908926640292399
1780884000000,SELL,66.32,0.3591709901301583,2.908926640292399
1780884000000,SELL,66.17,0.3593455257286171,2.908926640292399
1780887600000,BUY,66.17,-0.03855479085836499,2.9133134999520163
1780887600000,SELL,66.32,0.3597126444660505,2.9133134999520163
1780898400000,BUY,65.59,-0.03861458075043948,2.9436332329958432
1780898400000,BUY,65.44,-0.038526271753449595,2.9436332329958432
1780898400000,BUY,65.3,-0.03844385002292571,2.9436332329958432
1780898400000,SELL,65.74,0.36413920545449274,2.9436332329958432
1780898400000,SELL,65.59,0.36431582344851426,2.9436332329958432
1780898400000,SELL,65.45,0.36448066690956205,2.9436332329958432
1780902000000,BUY,66.02,-0.03860887776458334,2.92402891279789
1780902000000,BUY,65.88,-0.038527004955025,2.92402891279789
1780902000000,BUY,65.73,-0.038439284087641065,2.92402891279789
1780902000000,BUY,65.59,-0.038357411278082724,2.92402891279789
1780902000000,BUY,65.44,-0.03826969041069879,2.92402891279789
1780902000000,SELL,66.17,0.36121113965576557,2.92402891279789
1780902000000,SELL,66.03,0.36137488527488226,2.92402891279789
1780902000000,SELL,65.88,0.36155032700960854,2.92402891279789
1780902000000,SELL,65.74,0.36171407262872524,2.92402891279789
1780902000000,SELL,65.59,0.36188951436353467,2.92402891279789
1780905600000,BUY,65.44,-0.0385532949537768,2.9456979640721883
1780905600000,SELL,65.59,0.36457136282544705,2.9456979640721883
1780909200000,BUY,66.31,-0.038626460909241676,2.9125668005762084
1780909200000,BUY,66.17,-0.03854490903882555,2.9125668005762084
1780909200000,BUY,66.02,-0.038457532034808256,2.9125668005762084
1780909200000,BUY,65.88,-0.03837598016439212,2.9125668005762084
1780909200000,BUY,65.73,-0.03828860316037484,2.9125668005762084
1780909200000,BUY,65.59,-0.0382070512899587,2.9125668005762084
1780909200000,SELL,66.32,0.3596204480007208,2.9125668005762084
1780909200000,SELL,66.17,0.3597952020087967,2.9125668005762084
1780909200000,SELL,66.03,0.359958305749629,2.9125668005762084
1780909200000,SELL,65.88,0.3601330597576222,2.9125668005762084
1780909200000,SELL,65.74,0.3602961634984545,2.9125668005762084
1780912800000,BUY,66.02,-0.03855402317487231,2.919874520968821
1780912800000,BUY,65.88,-0.038472266688285184,2.919874520968821
1780912800000,SELL,66.17,0.360697939324337,2.919874520968821
1780912800000,SELL,66.03,0.36086145229751126,2.919874520968821
1780916400000,BUY,66.31,-0.03844215279056603,2.8986693402628583
1780916400000,BUY,66.17,-0.03836099004903867,2.8986693402628583
1780916400000,BUY,66.02,-0.03827402996883078,2.8986693402628583
1780916400000,SELL,66.46,0.3594573442598885,2.9125668005762084
1780916400000,SELL,66.46,0.35774217529785624,2.8986693402628583
1780916400000,SELL,66.32,0.35790450078091096,2.8986693402628583
1780916400000,SELL,66.17,0.3580784209413679,2.8986693402628583
1780920000000,BUY,66.31,-0.038102548710231755,2.873062035155463
1780920000000,BUY,66.17,-0.0380221029732474,2.873062035155463
1780920000000,BUY,66.02,-0.03793591111219273,2.873062035155463
1780920000000,SELL,66.46,0.35458182413072215,2.873062035155463
1780920000000,SELL,66.32,0.35474271560469084,2.873062035155463
1780920000000,SELL,66.17,0.35491509932684095,2.873062035155463
1780963200000,BUY,65.3,-0.038588497353276116,2.9547088325632553
1780963200000,SELL,65.45,0.36585204764799906,2.9547088325632553
1780966800000,BUY,65.88,-0.03859828093659316,2.9294384438822987
1780966800000,BUY,65.73,-0.0385103977832767,2.9294384438822987
1780966800000,BUY,65.59,-0.038428373506848,2.9294384438822987
1780966800000,BUY,65.44,-0.03834049035353152,2.9294384438822987
1780966800000,SELL,66.03,0.3620434384025422,2.9294384438822987
1780966800000,SELL,65.88,0.3622192047091335,2.9294384438822987
1780966800000,SELL,65.74,0.36238325326199095,2.9294384438822987
1780966800000,SELL,65.59,0.3625590195686655,2.9294384438822987
1780970400000,BUY,65.73,-0.03855014924508072,2.93246228853497
1780970400000,BUY,65.59,-0.03846804030100174,2.93246228853497
1780970400000,SELL,65.88,0.36259309705274695,2.93246228853497
1780970400000,SELL,65.74,0.3627573149409049,2.93246228853497
1780974000000,BUY,65.88,-0.03857956009463353,2.9280176149539714
1780974000000,BUY,65.73,-0.03849171956618491,2.9280176149539714
1780974000000,SELL,66.03,0.361867840996948,2.9280176149539714
1780974000000,SELL,65.88,0.3620435220538037,2.9280176149539714
1780977600000,BUY,66.31,-0.03825274016763379,2.884386982931216
1780977600000,BUY,66.17,-0.038171977332111716,2.884386982931216
1780977600000,BUY,66.02,-0.038085445722623776,2.884386982931216
1780977600000,BUY,65.88,-0.0380046828871017,2.884386982931216
1780977600000,SELL,66.46,0.35597950388541433,2.884386982931216
1780977600000,SELL,66.32,0.35614102955645854,2.884386982931216
1780977600000,SELL,66.17,0.3563140927754754,2.884386982931216
1780977600000,SELL,66.03,0.35647561844651954,2.884386982931216
1780999200000,BUY,66.31,-0.038595620258018576,2.9102413103618288
1780999200000,BUY,66.17,-0.03851413350132845,2.9102413103618288
1780999200000,BUY,66.02,-0.038426826262017585,2.9102413103618288
1780999200000,SELL,66.46,0.35917034155959066,2.9102413103618288
1780999200000,SELL,66.32,0.35933331507297095,2.9102413103618288
1780999200000,SELL,66.17,0.35950792955163396,2.9102413103618288
1781002800000,BUY,66.02,-0.03860361897319341,2.92363064019944
1781002800000,BUY,65.88,-0.038521757315267816,2.92363064019944
1781002800000,SELL,66.17,0.3611619402451338,2.92363064019944
1781002800000,SELL,66.03,0.361325663560985,2.92363064019944
1781006400000,BUY,66.17,-0.03862994185367677,2.918992130397217
1781006400000,BUY,66.02,-0.03854237208976485,2.918992130397217
1781006400000,SELL,66.32,0.36041379632438025,2.918992130397217
1781006400000,SELL,66.17,0.3605889358522456,2.918992130397217
1781010000000,BUY,65.73,-0.038591155679763275,2.935581597426082
1781010000000,BUY,65.59,-0.03850895939503535,2.935581597426082
1781010000000,SELL,65.88,0.36297879335851513,2.935581597426082
1781010000000,SELL,65.74,0.363143185927971,2.935581597426082
1781020800000,BUY,64.01,-0.0385718863384693,3.01295784552955
1781020800000,BUY,63.87,-0.038487523518794475,3.01295784552955
1781020800000,BUY,63.73,-0.03840316069911964,3.01295784552955
1781020800000,BUY,63.59,-0.038318797879444824,3.01295784552955
1781020800000,SELL,64.15,0.3445016000578504,3.01295784552955
1781020800000,SELL,64.01,0.3446703256972215,3.01295784552955
1781020800000,SELL,63.87,0.34483905133654974,3.01295784552955
1781020800000,SELL,63.73,0.34500777697587803,3.01295784552955
1781024400000,BUY,64.15,-0.03827302347585244,2.9830883457406414
1781024400000,SELL,64.29,0.3409192685046252,2.9830883457406414
1781064000000,BUY,64.15,-0.03857382773481382,3.006533728356494
1781064000000,SELL,64.29,0.3435987006114952,3.006533728356494
1781067600000,BUY,64.01,-0.03859114670146894,3.014462326313774
1781067600000,BUY,63.87,-0.038506741756332154,3.014462326313774
1781067600000,SELL,64.15,0.34467362239071864,3.014462326313774
1781067600000,SELL,64.01,0.34484243228101363,3.014462326313774
1781071200000,BUY,64.15,-0.03863154598448716,3.0110324227971286
1781071200000,BUY,64.01,-0.038547237076648845,3.0110324227971286
1781071200000,BUY,63.87,-0.03846292816881052,3.0110324227971286
1781071200000,SELL,64.29,0.34411282940694876,3.0110324227971286
1781071200000,SELL,64.15,0.34428144722262544,3.0110324227971286
1781071200000,SELL,64.01,0.3444500650383234,3.0110324227971286
1781074800000,BUY,64.15,-0.03845055425492906,2.99692550700928
1781074800000,SELL,64.29,0.34250063464305025,2.99692550700928
1781078400000,BUY,63.45,-0.0385543331403204,3.0381665201198107
1781078400000,SELL,63.59,0.34806450921100773,3.0381665201198107
1781082000000,BUY,63.59,-0.03862421574652356,3.0369724600191508
1781082000000,BUY,63.45,-0.038539180517643025,3.0369724600191508
1781082000000,BUY,63.31,-0.03845414528876249,3.0369724600191508
1781082000000,BUY,63.17,-0.03836911005988195,3.0369724600191508
1781082000000,SELL,63.59,0.3479277129096357,3.0369724600191508
1781082000000,SELL,63.45,0.3480977833673968,3.0369724600191508
1781082000000,SELL,63.31,0.34826785382515785,3.0369724600191508
1781085600000,BUY,63.59,-0.03860054931949228,3.0351115992681454
1781085600000,BUY,63.45,-0.03851556619471277,3.0351115992681454
1781085600000,BUY,63.31,-0.038430583069933265,3.0351115992681454
1781085600000,SELL,63.73,0.3477576424518531,3.0369724600191508
1781085600000,SELL,63.73,0.34754455900897696,3.0351115992681454
1781085600000,SELL,63.59,0.3477145252585575,3.0351115992681454
1781085600000,SELL,63.45,0.3478844915081165,3.0351115992681454
1781089200000,BUY,63.45,-0.038619929623757786,3.04333566775081
1781089200000,BUY,63.31,-0.03853471622506076,3.04333566775081
1781089200000,BUY,63.17,-0.03844950282636374,3.04333566775081
1781089200000,SELL,63.59,0.3486567074402055,3.04333566775081
1781089200000,SELL,63.45,0.34882713423759953,3.04333566775081
1781089200000,SELL,63.31,0.3489975610349936,3.04333566775081
1781092800000,BUY,64.01,-0.03859114670146894,3.014462326313774
1781092800000,BUY,63.87,-0.038506741756332154,3.014462326313774
1781092800000,BUY,63.73,-0.03842233681119536,3.014462326313774
1781092800000,BUY,63.59,-0.038337931866058585,3.014462326313774
1781092800000,BUY,63.45,-0.0382535269209218,3.014462326313774
1781092800000,BUY,63.31,-0.03816912197578501,3.014462326313774
1781092800000,SELL,64.15,0.34467362239071864,3.014462326313774
1781092800000,SELL,64.01,0.34484243228101363,3.014462326313774
1781092800000,SELL,63.87,0.34501124217126583,3.014462326313774
1781092800000,SELL,63.73,0.345180052061518,3.014462326313774
1781092800000,SELL,63.59,0.34534886195181297,3.014462326313774
1781092800000,SELL,63.45,0.34551767184208654,3.014462326313774
1781096400000,BUY,64.15,-0.03810591035580658,2.9700631610137624
1781096400000,BUY,64.01,-0.03802274858729819,2.9700631610137624
1781096400000,SELL,64.29,0.33943069829329847,2.9700631610137624
1781096400000,SELL,64.15,0.33959702183031526,2.9700631610137624
1781110800000,BUY,64.01,-0.03863576004692377,3.01794719941601
1781110800000,BUY,63.87,-0.03855125752534011,3.01794719941601
1781110800000,BUY,63.73,-0.03846675500375646,3.01794719941601
1781110800000,BUY,63.59,-0.03838225248217282,3.01794719941601
1781110800000,SELL,64.15,0.34507208278122825,3.01794719941601
1781110800000,SELL,64.01,0.34524108782441704,3.01794719941601
1781110800000,SELL,63.87,0.34541009286756286,3.01794719941601
1781110800000,SELL,63.73,0.34557909791070873,3.01794719941601
1781114400000,BUY,63.73,-0.03858611026821266,3.0273113343960976
1781114400000,BUY,63.59,-0.038501345550849574,3.0273113343960976
1781114400000,BUY,63.45,-0.03841658083348648,3.0273113343960976
1781114400000,SELL,63.87,0.3464818368443039,3.0273113343960976
1781114400000,SELL,63.73,0.34665136627900855,3.0273113343960976
1781114400000,SELL,63.59,0.34682089571375624,3.0273113343960976
1781118000000,BUY,63.45,-0.038593785779711474,3.041275475154568
1781118000000,SELL,63.59,0.3484206835356096,3.041275475154568
1781121600000,BUY,63.17,-0.03856493578316386,3.052472358965004
1781121600000,SELL,63.31,0.3500453202366725,3.052472358965004
1781128800000,BUY,62.42,-0.03843807685731756,3.078987252268308
1781128800000,SELL,62.56,0.35400963831680277,3.078987252268308
1781132400000,BUY,62.42,-0.03818368933156774,3.05861016753987
1781132400000,SELL,62.56,0.3516667626230658,3.05861016753987
1781143200000,BUY,64.45,-0.03861060326490685,2.9953920298608874
1781143200000,SELL,64.59,0.34196593569704004,2.9953920298608874
1781146800000,BUY,64.73,-0.03833727014918094,2.961321655274288
1781146800000,BUY,64.59,-0.03825435314283326,2.961321655274288
1781146800000,BUY,64.45,-0.038171436136485576,2.961321655274288
1781146800000,BUY,64.31,-0.038088519130137895,2.961321655274288
1781146800000,SELL,64.87,0.3377446574273448,2.961321655274288
1781146800000,SELL,64.73,0.33791049144004015,2.961321655274288
1781146800000,SELL,64.59,0.33807632545273547,2.961321655274288
1781146800000,SELL,64.45,0.33824215946543085,2.961321655274288
1781200800000,BUY,66.69,-0.038591227697536104,2.8933294120210005
1781200800000,SELL,66.84,0.35664335664337304,2.8933294120210005
1781204400000,BUY,66.84,-0.03860517453664821,2.8878796032800875
1781204400000,BUY,66.69,-0.03851853814854981,2.8878796032800875
1781204400000,SELL,66.99,0.3557983186424953,2.8878796032800875
1781204400000,SELL,66.84,0.35597159141873314,2.8878796032800875
1781208000000,BUY,66.54,-0.03862939710848113,2.9027199510430663
1781208000000,BUY,66.4,-0.03854812094985193,2.9027199510430663
1781208000000,SELL,66.69,0.35797503524241037,2.9027199510430663
1781208000000,SELL,66.55,0.3581375875596688,2.9027199510430663
1781211600000,BUY,66.84,-0.038617297645605037,2.8887864785760793
1781211600000,BUY,66.69,-0.03853063405124774,2.8887864785760793
1781211600000,BUY,66.54,-0.03844397045689047,2.8887864785760793
1781211600000,SELL,66.99,0.35591004930646264,2.8887864785760793
1781211600000,SELL,66.84,0.35608337649521826,2.8887864785760793
1781211600000,SELL,66.69,0.3562567036838918,2.8887864785760793
1781215200000,BUY,66.84,-0.03863058407561026,2.8897803766913714
1781215200000,SELL,66.99,0.3560325015298591,2.8897803766913714
1781218800000,BUY,66.84,-0.03861556530675497,2.8886568900923826
1781218800000,BUY,66.69,-0.0385289056000522,2.8886568900923826
1781218800000,SELL,66.99,0.35589408348691726,2.8886568900923826
1781218800000,SELL,66.84,0.35606740290036387,2.8886568900923826
1781226000000,BUY,66.54,-0.038573176437210414,2.8984953740013832
1781226000000,BUY,66.4,-0.038492018566738374,2.8984953740013832
1781226000000,SELL,66.69,0.3574540435033219,2.8984953740013832
1781226000000,SELL,66.55,0.35761635924426594,2.8984953740013832
1781229600000,BUY,66.98,-0.038570141387042796,2.879228231340907
1781229600000,BUY,66.84,-0.03848952299656525,2.879228231340907
1781229600000,BUY,66.69,-0.03840314614962502,2.879228231340907
1781229600000,SELL,67.13,0.3545711982331455,2.879228231340907
1781229600000,SELL,66.99,0.35473243501410057,2.879228231340907
1781229600000,SELL,66.84,0.35490518870802196,2.879228231340907
1781233200000,BUY,66.98,-0.03862713649118808,2.883482867362502
1781233200000,BUY,66.84,-0.03854639897090193,2.883482867362502
1781233200000,BUY,66.69,-0.03845989448488105,2.883482867362502
1781233200000,SELL,67.13,0.3550951481499328,2.883482867362502
1781233200000,SELL,66.99,0.3552566231905051,2.883482867362502
1781233200000,SELL,66.84,0.3554296321625879,2.883482867362502
1781236800000,BUY,66.98,-0.0386115756734798,2.88232126556284
1781236800000,BUY,66.84,-0.038530870678044046,2.88232126556284
1781236800000,SELL,67.13,0.354952099211508,2.88232126556284
1781236800000,SELL,66.99,0.3551135092023795,2.88232126556284
1781240400000,BUY,66.69,-0.03862883364929749,2.8961488715922545
1781240400000,SELL,66.84,0.3569908945079642,2.8961488715922545
1781244000000,BUY,65.96,-0.03856153228202616,2.92309977880732
1781244000000,SELL,66.11,0.36116651627033386,2.92309977880732
1781247600000,BUY,66.25,-0.03861712793490173,2.914500221502017
1781247600000,BUY,66.1,-0.03852969292825666,2.914500221502017
1781247600000,SELL,66.4,0.3597659073422256,2.914500221502017
1781247600000,SELL,66.25,0.35994077735551566,2.914500221502017
1781251200000,BUY,66.84,-0.038619607672532044,2.888959281308501
1781251200000,BUY,66.69,-0.03853293889409279,2.888959281308501
1781251200000,BUY,66.54,-0.03844627011565354,2.888959281308501
1781251200000,BUY,66.4,-0.038365379255776905,2.888959281308501
1781251200000,SELL,66.99,0.3559313392943079,2.888959281308501
1781251200000,SELL,66.84,0.3561046768512275,2.888959281308501
1781251200000,SELL,66.69,0.35627801440806495,2.888959281308501
1781251200000,SELL,66.55,0.35643979612781823,2.888959281308501
1781254800000,BUY,66.98,-0.03854314194339812,2.877212745849367
1781254800000,BUY,66.84,-0.03846257998651434,2.877212745849367
1781254800000,SELL,67.13,0.3543229952258333,2.877212745849367
1781254800000,SELL,66.99,0.3544841191396009,2.877212745849367
1781258400000,BUY,66.69,-0.03859874302912278,2.89389286468157
1781258400000,SELL,66.84,0.3567128100721255,2.89389286468157
1781262000000,BUY,66.84,-0.03860517453664821,2.8878796032800875
1781262000000,SELL,66.99,0.3557983186424953,2.8878796032800875
1781265600000,BUY,66.69,-0.03860973224210458,2.894716767289292
1781265600000,SELL,66.84,0.35681436760316376,2.894716767289292
1781269200000,BUY,66.54,-0.03855293078345085,2.8969740594718103
1781269200000,BUY,66.4,-0.038471815509785644,2.8969740594718103
1781269200000,SELL,66.69,0.3572664289102768,2.8969740594718103
1781269200000,SELL,66.55,0.35742865945760727,2.8969740594718103
1781272800000,BUY,66.98,-0.03811679608153472,2.8453863900817193
1781272800000,BUY,66.84,-0.03803712526261243,2.8453863900817193
1781272800000,BUY,66.69,-0.03795176367090997,2.8453863900817193
1781272800000,SELL,67.13,0.35040364316575934,2.8453863900817193
1781272800000,SELL,66.99,0.35056298480360387,2.8453863900817193
1781272800000,SELL,66.84,0.3507337079870492,2.8453863900817193
1781287200000,BUY,66.98,-0.03860754343374066,2.88202026229775
1781287200000,SELL,67.13,0.35491503126141877,2.88202026229775
1781290800000,BUY,66.69,-0.038605104442483086,2.894369803754917
1781290800000,SELL,66.84,0.35677159949006254,2.894369803754917
1781294400000,BUY,66.54,-0.038573176437210414,2.8984953740013832
1781294400000,SELL,66.69,0.3574540435033219,2.8984953740013832
1781301600000,BUY,66.54,-0.03860039693047711,2.900540797300654
1781301600000,SELL,66.69,0.3577062932862811,2.900540797300654
1781305200000,BUY,66.69,-0.038579093726647966,2.892419682609684
1781305200000,BUY,66.54,-0.03849232113616968,2.892419682609684
1781305200000,SELL,66.69,0.356704764938132,2.892419682609684
1781308800000,BUY,66.84,-0.03857057898638686,2.8852916656483285
1781308800000,SELL,66.84,0.3565312197572165,2.892419682609684
1781308800000,SELL,66.99,0.3554794743745121,2.8852916656483285
1781312400000,BUY,66.98,-0.03839161565362109,2.8659014372664293
1781312400000,SELL,67.13,0.3529300301964618,2.8659014372664293
1781319600000,BUY,66.84,-0.038635785602467734,2.8901694795382804
1781319600000,BUY,66.69,-0.038549080518081584,2.8901694795382804
1781319600000,SELL,66.99,0.35608044055700966,2.8901694795382804
1781319600000,SELL,66.84,0.35625385072582305,2.8901694795382804
1781326800000,BUY,66.69,-0.038591227697536104,2.8933294120210005
1781326800000,SELL,66.84,0.35664335664337304,2.8933294120210005
1781330400000,BUY,66.98,-0.03855462644682275,2.8780700542566993
1781330400000,BUY,66.84,-0.038474040485303555,2.8780700542566993
1781330400000,BUY,66.69,-0.03838769838367585,2.8780700542566993
1781330400000,SELL,67.13,0.35442857104157943,2.8780700542566993
1781330400000,SELL,66.99,0.3545897429646178,2.8780700542566993
1781330400000,SELL,66.84,0.3547624271679141,2.8780700542566993
1781334000000,BUY,66.98,-0.038429813429813435,2.8687528687528685
1781334000000,SELL,67.13,0.3532811782811538,2.8687528687528685
1781391600000,BUY,68.77,-0.0385718621945667,2.804410512910186
1781391600000,SELL,68.92,0.34334958791663583,2.804410512910186
1781398800000,BUY,68.77,-0.038633554740424965,2.8088959386669305
1781398800000,BUY,68.61,-0.03854367007038762,2.8088959386669305
1781398800000,SELL,68.92,0.3438987475628856,2.8088959386669305
1781398800000,SELL,68.76,0.34407851690296026,2.8088959386669305
1781402400000,BUY,68.77,-0.03862569200413914,2.808324269604416
1781402400000,SELL,68.92,0.3438287569762238,2.808324269604416
1781406000000,BUY,68.77,-0.038556749583131045,2.8033117335415914
1781406000000,SELL,68.92,0.34321506216098,2.8033117335415914
1781409600000,BUY,68.46,-0.03862507965165675,2.8209961767204756
1781409600000,SELL,68.61,0.34573000743417065,2.8209961767204756
1781413200000,BUY,68.16,-0.03860294852540415,2.8317890643635675
1781413200000,BUY,68.01,-0.03851799485347325,2.8317890643635675
1781413200000,SELL,68.31,0.3473925552598811,2.8317890643635675
1781413200000,SELL,68.16,0.3475624626037027,2.8317890643635675
1781416800000,BUY,68.16,-0.038632962847380596,2.8339908192033887
1781416800000,SELL,68.31,0.34766265773661104,2.8339908192033887
1781420400000,BUY,68.16,-0.038610872303416845,2.83237032742201
1781420400000,BUY,68.01,-0.038525901193594184,2.83237032742201
1781420400000,SELL,68.16,0.34763380450644366,2.83237032742201
1781424000000,BUY,68.16,-0.038604646204036384,2.8319136006482086
1781424000000,SELL,68.31,0.34746386228683857,2.83237032742201
1781424000000,SELL,68.31,0.3474078328731357,2.8319136006482086
1781427600000,BUY,68.31,-0.03856015779092703,2.8224387198746177
1781427600000,BUY,68.16,-0.03847548462933079,2.8224387198746177
1781427600000,BUY,68.01,-0.03839081146773455,2.8224387198746177
1781427600000,SELL,68.46,0.346076146076122,2.8224387198746177
1781427600000,SELL,68.31,0.34624549239935465,2.8224387198746177
1781427600000,SELL,68.16,0.346414838722507,2.8224387198746177
1781434800000,BUY,68.01,-0.03860457630695341,2.838154411627217
1781434800000,SELL,68.16,0.34834371986545387,2.838154411627217
1781474400000,BUY,69.97,-0.03839601130036876,2.7437481277953952
1781474400000,BUY,69.82,-0.03831369885653489,2.7437481277953952
1781474400000,BUY,69.66,-0.03822589891644544,2.7437481277953952
1781474400000,SELL,70.12,0.33460557168091964,2.7437481277953952
1781474400000,SELL,69.97,0.33477019656858736,2.7437481277953952
1781474400000,SELL,69.81,0.33494579644876626,2.7437481277953952
1781521200000,BUY,71.68,-0.03816725989794167,2.662336767434547
1781521200000,SELL,71.84,0.3494689734405193,2.662336767434547
1781532000000,BUY,73.43,-0.03846350571879314,2.619059357128771
1781532000000,BUY,73.27,-0.03837969581936501,2.619059357128771
1781532000000,SELL,73.59,0.3419548659041519,2.619059357128771
1781532000000,SELL,73.43,0.3421224857030454,2.619059357128771
1781542800000,BUY,75.1,-0.03856293487887125,2.5674390731605357
1781542800000,BUY,74.93,-0.03847564195038379,2.5674390731605357
1781542800000,BUY,74.77,-0.03839348390004265,2.5674390731605357
1781542800000,SELL,75.26,0.33350006584728864,2.5674390731605357
1781542800000,SELL,75.09,0.3336746517042271,2.5674390731605357
1781542800000,SELL,74.93,0.3338389678049458,2.5674390731605357
1781546400000,BUY,75.1,-0.03855678571644289,2.5670296748630417
1781546400000,SELL,75.26,0.3334468866460374,2.5670296748630417
1781550000000,BUY,75.1,-0.038566522796146904,2.5676779491442683
1781550000000,BUY,74.93,-0.03847922174587601,2.5676779491442683
1781550000000,BUY,74.77,-0.03839705605150339,2.5676779491442683
1781550000000,BUY,74.6,-0.03830975500123248,2.5676779491442683
1781550000000,SELL,75.26,0.3335310948820716,2.5676779491442683
1781550000000,SELL,75.09,0.3337056969825769,2.5676779491442683
1781550000000,SELL,74.93,0.33387002837135865,2.5676779491442683
1781550000000,SELL,74.76,0.33404463047190047,2.5676779491442683
1781553600000,BUY,74.77,-0.038565700256196475,2.5789554805534625
1781553600000,SELL,74.93,0.33533642322543344,2.5789554805534625
1781607600000,BUY,74.53,-0.03858511010221471,2.5885623307537036
1781607600000,BUY,74.37,-0.03850227610763059,2.5885623307537036
1781607600000,SELL,74.69,0.33683408472698606,2.5885623307537036
1781607600000,SELL,74.53,0.3369997527161543,2.5885623307537036
1781611200000,BUY,74.86,-0.03861573006432819,2.579196504430149
1781611200000,BUY,74.7,-0.03853319577618643,2.579196504430149
1781611200000,BUY,74.53,-0.0384455030950358,2.579196504430149
1781611200000,SELL,75.02,0.3352749120038751,2.579196504430149
1781611200000,SELL,74.86,0.3354399805801586,2.579196504430149
1781611200000,SELL,74.69,0.3356153659424599,2.579196504430149
1781683200000,BUY,72.3,-0.03862834945597858,2.6713934616859323
1781683200000,BUY,72.14,-0.03854286486520463,2.6713934616859323
1781683200000,SELL,72.46,0.349995285776235,2.6713934616859323
1781683200000,SELL,72.3,0.35016625495778286,2.6713934616859323
1781686800000,BUY,72.46,-0.03861557965062841,2.664613555798262
1781686800000,BUY,72.3,-0.03853031201684287,2.664613555798262
1781686800000,SELL,72.62,0.3489364743589228,2.664613555798262
1781686800000,SELL,72.46,0.349107009626456,2.664613555798262
1781694000000,BUY,71.98,-0.03863206999146323,2.6835280627579343
1781694000000,BUY,71.82,-0.03854619709345496,2.6835280627579343
1781694000000,SELL,72.14,0.35192860426231737,2.6835280627579343
1781694000000,SELL,71.98,0.352100350058372,2.6835280627579343
1781697600000,BUY,72.14,-0.03855406081731918,2.6721694494953687
1781697600000,BUY,71.98,-0.03846855139493533,2.6721694494953687
1781697600000,BUY,71.82,-0.03838304197255148,2.6721694494953687
1781697600000,BUY,71.66,-0.03829753255016763,2.6721694494953687
1781697600000,SELL,72.3,0.35026797143984384,2.6721694494953687
1781697600000,SELL,72.14,0.3504389902846115,2.6721694494953687
1781697600000,SELL,71.98,0.3506100091294172,2.6721694494953687
1781697600000,SELL,71.82,0.3507810279741469,2.6721694494953687
1781701200000,BUY,72.3,-0.038596325953838904,2.6691788349819436
1781701200000,BUY,72.14,-0.038510912231119486,2.6691788349819436
1781701200000,SELL,72.46,0.3497051342439852,2.6691788349819436
1781701200000,SELL,72.3,0.34987596168942403,2.6691788349819436
1781704800000,BUY,72.3,-0.038617135187307715,2.670617924433452
1781704800000,BUY,72.14,-0.03853167541372585,2.670617924433452
1781704800000,BUY,71.98,-0.03844621564014398,2.670617924433452
1781704800000,BUY,71.82,-0.0383607558665621,2.670617924433452
1781704800000,SELL,72.46,0.3498936779875641,2.670617924433452
1781704800000,SELL,72.3,0.3500645975347278,2.670617924433452
1781704800000,SELL,72.14,0.35023551708189155,2.670617924433452
1781704800000,SELL,71.98,0.3504064366290932,2.670617924433452
1781708400000,BUY,72.78,-0.038119410379364026,2.6188108257326204
1781708400000,BUY,72.62,-0.038035608432940585,2.6188108257326204
1781708400000,BUY,72.46,-0.03795180648651713,2.6188108257326204
1781708400000,SELL,72.94,0.3426033074656354,2.6188108257326204
1781708400000,SELL,72.78,0.34277091135848226,2.6188108257326204
1781708400000,SELL,72.62,0.3429385152513664,2.6188108257326204
1781719200000,BUY,72.78,-0.038280801370269894,2.6298984178531115
1781719200000,BUY,72.62,-0.03819664462089859,2.6298984178531115
1781719200000,BUY,72.46,-0.03811248787152729,2.6298984178531115
1781719200000,BUY,72.3,-0.03802833112215599,2.6298984178531115
1781719200000,BUY,72.14,-0.037944174372784696,2.6298984178531115
1781719200000,SELL,72.94,0.3440538306172065,2.6298984178531115
1781719200000,SELL,72.78,0.3442221441159491,2.6298984178531115
1781719200000,SELL,72.62,0.3443904576147291,2.6298984178531115
1781719200000,SELL,72.46,0.3445587711134343,2.6298984178531115
1781719200000,SELL,72.3,0.34472708461217694,2.6298984178531115
1781726400000,BUY,72.14,-0.038626725695380594,2.677205828623551
1781726400000,BUY,71.98,-0.038541055108864644,2.677205828623551
1781726400000,BUY,71.82,-0.03845538452234868,2.677205828623551
1781726400000,BUY,71.66,-0.03836971393583273,2.677205828623551
1781726400000,SELL,72.14,0.35109948118899786,2.677205828623551
1781726400000,SELL,71.98,0.35127082236206775,2.677205828623551
1781726400000,SELL,71.82,0.3514421635350617,2.677205828623551
1781737200000,BUY,71.98,-0.03862241277873309,2.682857236644421
1781737200000,BUY,71.82,-0.038536561347160464,2.682857236644421
1781737200000,BUY,71.66,-0.03845070991558785,2.682857236644421
1781737200000,SELL,71.98,0.3520123323056702,2.682857236644421
1781737200000,SELL,71.82,0.35218403516877733,2.682857236644421
1781740800000,BUY,72.14,-0.03861334764040387,2.676278599972544
1781740800000,SELL,72.3,0.35092814001596595,2.677205828623551
1781740800000,SELL,72.14,0.35184062944248684,2.682857236644421
1781740800000,SELL,72.3,0.3508065988843919,2.676278599972544
1781744400000,BUY,72.14,-0.03861495251769566,2.676389833497065
1781744400000,SELL,72.3,0.3508211793747862,2.676389833497065
1781748000000,BUY,72.46,-0.038620906745725686,2.664981144474585
1781748000000,BUY,72.3,-0.03853562734910249,2.664981144474585
1781748000000,BUY,72.14,-0.03845034795247931,2.664981144474585
1781748000000,SELL,72.62,0.34898461083126464,2.664981144474585
1781748000000,SELL,72.46,0.3491551696244731,2.664981144474585
1781748000000,SELL,72.3,0.3493257284177195,2.664981144474585
1781758800000,BUY,70.87,-0.038516796889985806,2.7174260540416117
1781758800000,BUY,70.71,-0.03842983925625647,2.7174260540416117
1781758800000,SELL,71.02,0.3304172687630045,2.7174260540416117
1781758800000,SELL,70.86,0.33059118403050175,2.7174260540416117
1781780400000,BUY,70.87,-0.038621649588968375,2.724823591714997
1781780400000,BUY,70.71,-0.03853445523403349,2.724823591714997
1781780400000,SELL,71.02,0.3313167501637867,2.724823591714997
1781780400000,SELL,70.86,0.3314911388736952,2.724823591714997
1781784000000,BUY,70.87,-0.038284151602431295,2.70101253015601
1781784000000,SELL,71.02,0.32842151556670657,2.70101253015601
1781787600000,BUY,70.87,-0.0385601899860455,2.7204875113620357
1781787600000,BUY,70.71,-0.03847313438568191,2.7204875113620357
1781787600000,SELL,71.02,0.3307895174815094,2.7204875113620357
1781787600000,SELL,70.86,0.3309636286822753,2.7204875113620357
1781791200000,BUY,70.87,-0.03854010853250794,2.719070730387183
1781791200000,BUY,70.71,-0.038453098269135545,2.719070730387183
1781791200000,SELL,71.02,0.3306172482492152,2.719070730387183
1781791200000,SELL,70.86,0.33079126877599857,2.719070730387183
1781805600000,BUY,68.26,-0.03842694634890695,2.8147484873210478
1781805600000,SELL,68.41,0.34518949549107997,2.8147484873210478
1781841600000,BUY,68.26,-0.038611474903639344,2.828265082305841
1781841600000,SELL,68.41,0.346847116633635,2.828265082305841
1781852400000,BUY,68.26,-0.03858944122760462,2.826651130061867
1781852400000,BUY,68.12,-0.03851029499596288,2.826651130061867
1781852400000,BUY,67.97,-0.03842549546206102,2.826651130061867
1781852400000,SELL,68.41,0.346649187986243,2.826651130061867
1781852400000,SELL,68.27,0.3468074804495265,2.826651130061867
1781852400000,SELL,68.12,0.34697707951737033,2.826651130061867
1781856000000,BUY,68.26,-0.03841743043333744,2.8140514527788922
1781856000000,SELL,68.41,0.34510401396296825,2.8140514527788922
1781859600000,BUY,68.26,-0.038618825054812234,2.8288034760337113
1781859600000,SELL,68.41,0.34691314308684607,2.8288034760337113
1781863200000,BUY,68.26,-0.03862334961583677,2.829134897145969
1781863200000,BUY,68.12,-0.03854413383871668,2.829134897145969
1781863200000,SELL,68.41,0.34695378724636894,2.829134897145969
1781863200000,SELL,68.27,0.3471122188006091,2.829134897145969
1781866800000,BUY,68.12,-0.03858312209970228,2.8319966309235376
1781866800000,SELL,68.27,0.3474633306412465,2.8319966309235376
1781870400000,BUY,68.26,-0.038457204669401,2.816964889349619
1781870400000,BUY,68.12,-0.03837832965249922,2.816964889349619
1781870400000,BUY,67.97,-0.03829382070581872,2.816964889349619
1781870400000,BUY,67.82,-0.03820931175913823,2.816964889349619
1781870400000,SELL,68.41,0.34546130617025583,2.816964889349619
1781870400000,SELL,68.27,0.3456190562040594,2.816964889349619
1781870400000,SELL,68.12,0.34578807409746043,2.816964889349619
1781870400000,SELL,67.97,0.3459570919908214,2.816964889349619
1781964000000,BUY,70.67,-0.037974351453114216,2.686737756694086
1781964000000,BUY,70.52,-0.03789374932041339,2.686737756694086
1781964000000,SELL,70.82,0.3269007563324599,2.686737756694086
1781964000000,SELL,70.67,0.3270619605978997,2.686737756694086
1782000000000,BUY,73.05,-0.0385766899065971,2.640430520643197
1782000000000,SELL,73.21,0.3451465159363871,2.640430520643197
1782003600000,BUY,73.05,-0.03858301819026894,2.6408636680540005
1782003600000,BUY,72.89,-0.03849851055289122,2.6408636680540005
1782003600000,SELL,73.21,0.34520313523333773,2.6408636680540005
1782003600000,SELL,73.05,0.3453721505080932,2.6408636680540005
1782007200000,BUY,73.21,-0.03858945117693531,2.635531428557254
1782007200000,BUY,73.05,-0.03850511417122148,2.635531428557254
1782007200000,SELL,73.21,0.344506126215281,2.635531428557254
1782010800000,BUY,73.37,-0.03846440880349535,2.621262696162965
1782010800000,BUY,73.21,-0.03838052839721813,2.621262696162965
1782010800000,SELL,73.37,0.3443374522038908,2.635531428557254
1782010800000,SELL,73.53,0.34230545296652026,2.621262696162965
1782010800000,SELL,73.37,0.34247321377911194,2.621262696162965
